,away_name,away_abbr,home_name,home_abbr,week,win_perc_dif,first_downs_dif,fumbles_dif,interceptions_dif,net_pass_yards_dif,pass_attempts_dif,pass_completions_dif,pass_touchdowns_dif,pass_yards_dif,penalties_dif,points_dif,rush_attempts_dif,rush_touchdowns_dif,rush_yards_dif,time_of_possession_dif,times_sacked_dif,total_yards_dif,turnovers_dif,yards_from_penalties_dif,yards_lost_from_sacks_dif,fourth_down_perc_dif,third_down_perc_dif,result
0,Tampa Bay Buccaneers,tam,Carolina Panthers,car,2,0.0,0.0,1.0,2.0,-42.0,-2.0,-5.0,1.0,-45.0,2.0,-10.0,3.0,-3.0,-6.0,192.0,0.0,-48.0,1.0,41.0,-3.0,0.0,0.0,1.0
1,San Francisco 49ers,sfo,Cincinnati Bengals,cin,2,1.0,-5.0,-3.0,1.0,-237.0,-24.0,-17.0,-1.0,-252.0,4.0,11.0,18.0,0.0,64.0,-346.0,-4.0,-173.0,-1.0,30.0,-15.0,0.0,-0.015384615384615385,1.0
2,Dallas Cowboys,dal,Washington Redskins,was,2,1.0,8.0,0.0,0.0,35.0,-12.0,-5.0,1.0,25.0,-6.0,8.0,17.0,1.0,61.0,405.0,-1.0,96.0,0.0,-49.0,-10.0,-1.0,0.21538461538461534,1.0
4,Seattle Seahawks,sea,Pittsburgh Steelers,pit,2,1.0,-3.0,-1.0,-1.0,-116.0,-27.0,-13.0,2.0,-81.0,2.0,18.0,12.0,1.0,40.0,-197.0,3.0,-76.0,0.0,1.0,35.0,-0.3333333333333333,0.08333333333333331,1.0
5,Indianapolis Colts,clt,Tennessee Titans,oti,2,-1.0,1.0,1.0,0.0,-43.0,3.0,7.0,-1.0,-58.0,-3.0,-19.0,5.0,0.0,80.0,171.0,-2.0,37.0,0.0,-44.0,-15.0,1.0,0.3384615384615384,1.0
6,Buffalo Bills,buf,New York Giants,nyg,2,1.0,-2.0,-1.0,2.0,-77.0,-11.0,-9.0,0.0,-69.0,-1.0,0.0,8.0,0.0,-23.0,17.0,0.0,-100.0,2.0,-15.0,8.0,-0.3333333333333333,0.3181818181818182,1.0
7,New England Patriots,nwe,Miami Dolphins,mia,2,1.0,12.0,-1.0,-2.0,187.0,5.0,10.0,2.0,183.0,-2.0,23.0,17.0,0.0,78.0,760.0,-2.0,265.0,-3.0,-9.0,-4.0,0.0,0.2,1.0
8,Jacksonville Jaguars,jax,Houston Texans,htx,2,0.0,-4.0,1.0,0.0,113.0,3.0,7.0,0.0,82.0,2.0,-2.0,-7.0,-1.0,-99.0,-62.0,-5.0,14.0,1.0,2.0,-31.0,-1.0,-0.038461538461538436,0.0
9,Minnesota Vikings,min,Green Bay Packers,gnb,2,0.0,5.0,1.0,0.0,-69.0,-20.0,-10.0,0.0,-105.0,1.0,18.0,16.0,3.0,125.0,-76.0,-4.0,56.0,0.0,29.0,-36.0,0.0,0.33333333333333337,0.0
11,Kansas City Chiefs,kan,Oakland Raiders,rai,2,0.0,5.0,0.0,0.0,119.0,8.0,3.0,2.0,119.0,-4.0,16.0,-2.0,-1.0,15.0,-90.0,0.0,134.0,0.0,-7.0,0.0,0.0,-0.2142857142857143,1.0
12,New Orleans Saints,nor,Los Angeles Rams,ram,2,0.0,3.0,0.0,0.0,179.0,4.0,9.0,1.0,184.0,2.0,0.0,-11.0,-1.0,-18.0,-183.0,0.0,161.0,0.0,5.0,5.0,0.0,0.106951871657754,0.0
13,Chicago Bears,chi,Denver Broncos,den,2,0.0,-2.0,-1.0,1.0,-41.0,14.0,5.0,-1.0,-40.0,4.0,-13.0,-8.0,0.0,-49.0,102.0,2.0,-90.0,1.0,63.0,1.0,0.0,-0.26153846153846155,1.0
14,Philadelphia Eagles,phi,Atlanta Falcons,atl,2,1.0,-5.0,-1.0,-2.0,41.0,-7.0,-5.0,1.0,9.0,-3.0,20.0,14.0,1.0,50.0,254.0,-3.0,91.0,-3.0,-23.0,-32.0,-0.5,0.3970588235294118,0.0
15,Cleveland Browns,cle,New York Jets,nyj,2,0.0,2.0,-2.0,3.0,89.0,-3.0,-3.0,0.0,110.0,10.0,-3.0,-1.0,1.0,34.0,-79.0,1.0,123.0,2.0,115.0,21.0,-0.5,-0.31176470588235294,1.0
16,Tennessee Titans,oti,Jacksonville Jaguars,jax,3,0.5,2.5,-1.0,-0.5,-95.0,-7.0,-8.5,0.0,-80.5,-4.0,11.0,7.5,1.0,31.5,-41.0,1.5,-63.5,-1.5,-6.0,14.5,-1.0,-0.19782608695652174,0.0
17,Cincinnati Bengals,cin,Buffalo Bills,buf,3,-1.0,-5.5,1.5,-0.5,103.5,13.0,9.0,1.0,111.0,-1.0,-4.0,-13.0,-2.0,-110.0,87.0,2.5,-6.5,0.0,-1.5,7.5,0.3333333333333333,0.01976284584980237,0.0
18,Detroit Lions,det,Philadelphia Eagles,phi,3,0.5,1.0,1.0,0.0,28.0,-6.0,-3.5,0.5,31.0,2.0,-6.0,4.0,-1.0,19.0,21.5,-0.5,47.0,0.5,7.5,3.0,-0.09999999999999998,-0.21428571428571425,1.0
19,New York Jets,nyj,New England Patriots,nwe,3,-1.0,-10.5,1.0,0.0,-148.5,3.5,3.0,-2.0,-130.5,4.0,-28.5,-9.5,-1.0,-31.0,-201.5,2.5,-179.5,0.5,23.5,18.0,0.25,-0.2296774193548387,0.0
21,Baltimore Ravens,rav,Kansas City Chiefs,kan,3,0.0,4.5,0.5,0.0,-89.0,-7.5,-4.0,0.5,-85.0,-0.5,7.0,15.5,0.5,151.5,417.5,0.5,62.5,-0.5,-33.5,4.0,0.6666666666666666,0.018333333333333424,0.0
22,Denver Broncos,den,Green Bay Packers,gnb,3,-1.0,6.0,-1.0,0.5,87.0,8.5,8.0,-0.5,74.0,0.0,-0.5,-4.0,-0.5,-3.0,-147.5,-1.0,84.0,-0.5,9.5,-13.0,1.0,0.07407407407407407,0.0
23,Miami Dolphins,mia,Dallas Cowboys,dal,3,-1.0,-12.5,0.5,2.5,-172.5,4.5,-9.0,-3.0,-149.0,-0.5,-28.0,-18.5,-1.0,-119.5,-668.5,4.5,-292.0,3.0,-14.0,23.5,0.5,-0.41904761904761906,0.0
24,Atlanta Falcons,atl,Indianapolis Colts,clt,3,0.0,1.5,0.0,2.0,144.0,17.0,11.0,0.0,144.0,4.0,-3.5,-16.5,-0.5,-120.0,-202.0,0.0,24.0,2.0,30.5,0.0,0.0,-0.2407407407407407,0.0
25,New York Giants,nyg,Tampa Bay Buccaneers,tam,3,-0.5,4.5,0.0,-0.5,98.5,16.0,11.5,0.0,85.5,-2.5,-3.0,-10.0,0.5,29.5,-262.5,-2.0,128.0,0.0,-21.5,-13.0,0.4,-0.08695652173913046,1.0
26,Carolina Panthers,car,Arizona Cardinals,crd,3,0.0,2.5,2.0,0.0,-37.5,-2.5,-2.0,-1.0,-42.5,-2.0,-1.5,4.0,1.0,17.0,-4.0,-1.0,-20.5,1.5,-4.5,-5.0,-1.0,-0.013333333333333308,1.0
27,Pittsburgh Steelers,pit,San Francisco 49ers,sfo,3,-1.0,-6.0,1.0,0.0,-7.0,14.0,5.5,-1.0,-7.5,-4.5,-21.5,-22.5,-0.5,-122.0,-321.0,0.5,-129.0,-0.5,-15.0,-0.5,0.3333333333333333,-0.19367588932806323,0.0
28,New Orleans Saints,nor,Seattle Seahawks,sea,3,-0.5,1.5,-0.5,1.0,57.5,11.5,4.5,-1.5,39.0,0.0,-5.0,-8.5,-0.5,-9.0,-2.0,-2.5,48.5,-0.5,-6.5,-18.5,-1.0,0.09833333333333333,1.0
29,Houston Texans,htx,Los Angeles Chargers,sdg,3,0.0,-3.5,-0.5,-0.5,-113.0,-5.5,-5.0,0.0,-99.5,1.5,0.5,3.5,0.0,22.0,-131.5,2.5,-91.0,-1.5,13.0,13.5,1.0,-0.07738095238095233,1.0
30,Los Angeles Rams,ram,Cleveland Browns,cle,3,0.5,3.5,1.0,-1.5,-50.5,-3.0,-1.0,0.0,-70.5,-7.0,10.5,10.5,1.0,54.5,97.0,-2.0,4.0,-1.0,-79.5,-20.0,0.0,0.2492753623188406,1.0
31,Chicago Bears,chi,Washington Redskins,was,3,0.5,0.0,0.0,0.5,-125.0,-4.5,-7.0,-2.5,-126.5,-0.5,-14.5,7.0,0.0,62.0,113.5,1.5,-63.0,0.5,16.0,-1.5,-0.46666666666666673,-0.0874125874125874,1.0
32,Philadelphia Eagles,phi,Green Bay Packers,gnb,4,-0.6666666666666667,4.333333333333336,0.33333333333333326,0.6666666666666666,67.99999999999997,10.0,6.0,0.6666666666666667,60.00000000000003,-2.0,6.0,1.3333333333333321,0.0,10.333333333333343,201.33333333333326,0.0,78.33333333333331,1.0,-4.666666666666664,-7.999999999999998,0.42857142857142855,0.3125,1.0
33,New England Patriots,nwe,Buffalo Bills,buf,4,0.0,0.0,-1.0,-0.6666666666666667,71.33333333333331,2.3333333333333286,3.0,1.3333333333333335,69.0,-1.0,13.333333333333336,-1.3333333333333357,-0.3333333333333335,-54.33333333333334,135.33333333333326,-0.3333333333333335,17.0,-1.0,1.3333333333333286,-2.333333333333333,0.0,0.05833333333333329,1.0
34,Tennessee Titans,oti,Atlanta Falcons,atl,4,0.0,-3.666666666666668,1.0,-2.0,-100.66666666666666,-10.333333333333332,-11.0,-1.3333333333333333,-73.99999999999997,-4.999999999999999,2.333333333333332,8.0,1.0,38.33333333333334,134.66666666666652,4.0,-62.33333333333337,-2.0,-11.333333333333329,26.666666666666664,-1.0,-0.166988416988417,1.0
35,Cleveland Browns,cle,Baltimore Ravens,rav,4,-0.3333333333333333,-11.0,-0.3333333333333333,1.6666666666666667,-53.66666666666666,1.0,-2.333333333333332,-1.6666666666666665,-37.666666666666686,4.666666666666666,-20.333333333333332,-15.333333333333332,-1.3333333333333335,-127.66666666666666,-369.6666666666665,1.6666666666666665,-181.33333333333337,1.6666666666666667,55.0,16.0,-0.7142857142857143,-0.21794871794871795,1.0
36,Washington Redskins,was,New York Giants,nyg,4,-0.3333333333333333,-1.3333333333333321,-1.3333333333333335,0.33333333333333337,-2.3333333333333712,-1.6666666666666643,1.3333333333333357,1.0000000000000002,8.0,2.0,0.0,-1.6666666666666679,-1.0,-69.33333333333333,-25.666666666666515,-0.3333333333333335,-71.66666666666669,-0.33333333333333326,10.666666666666664,10.333333333333334,0.25,0.01702508960573479,0.0
37,Los Angeles Chargers,sdg,Miami Dolphins,mia,4,0.3333333333333333,9.333333333333334,0.0,-1.3333333333333335,119.33333333333334,1.3333333333333286,8.0,1.3333333333333335,113.00000000000003,0.33333333333333304,14.666666666666668,4.333333333333332,0.6666666666666666,66.66666666666667,470.0,-0.9999999999999996,185.99999999999997,-0.9999999999999998,12.666666666666664,-6.333333333333332,0.23809523809523808,0.2615384615384616,1.0
38,Carolina Panthers,car,Houston Texans,htx,4,-0.3333333333333333,1.0,1.0000000000000002,0.0,20.333333333333314,7.333333333333336,2.666666666666668,-0.6666666666666667,18.33333333333337,-2.333333333333333,3.6666666666666643,0.33333333333333215,0.33333333333333326,-2.0,-137.0,-1.3333333333333335,18.333333333333314,1.0,-16.66666666666667,-2.0,-1.0,-0.15714285714285714,1.0
39,Kansas City Chiefs,kan,Detroit Lions,det,4,0.0,5.666666666666668,0.33333333333333326,-0.6666666666666666,123.33333333333331,2.6666666666666714,5.0,1.3333333333333335,121.33333333333331,-2.333333333333333,11.333333333333332,-5.0,0.3333333333333333,-4.0,-93.33333333333326,0.0,119.33333333333331,-1.0,3.000000000000007,-2.0,-0.5,0.16450216450216448,1.0
40,Oakland Raiders,rai,Indianapolis Colts,clt,4,-0.3333333333333333,-5.666666666666668,0.6666666666666666,0.6666666666666667,19.0,1.9999999999999964,2.0,-1.0000000000000002,17.666666666666657,2.666666666666667,-7.333333333333332,-8.0,0.0,-44.66666666666666,-136.0,0.3333333333333335,-25.666666666666686,0.33333333333333337,28.0,-1.3333333333333321,-0.25,-0.055677655677655646,1.0
41,Tampa Bay Buccaneers,tam,Los Angeles Rams,ram,4,-0.6666666666666667,-0.3333333333333357,0.33333333333333326,0.33333333333333326,5.333333333333343,-2.3333333333333357,-2.333333333333332,0.3333333333333335,15.000000000000028,1.333333333333333,-3.0,1.0,-1.0,-2.0,100.33333333333326,1.3333333333333335,3.3333333333333144,0.0,8.666666666666664,9.666666666666666,0.3333333333333333,-0.15724815724815733,1.0
42,Seattle Seahawks,sea,Arizona Cardinals,crd,4,0.6666666666666666,2.0,1.0,-1.0,36.33333333333334,-10.666666666666664,-3.0,1.0000000000000002,23.66666666666663,1.0000000000000009,4.0,9.333333333333332,1.0,26.0,135.33333333333348,-2.6666666666666665,62.333333333333314,0.33333333333333326,14.666666666666664,-12.666666666666668,-0.6000000000000001,-0.04102564102564099,1.0
43,Jacksonville Jaguars,jax,Denver Broncos,den,4,0.3333333333333333,-6.333333333333334,0.33333333333333326,-0.3333333333333333,12.333333333333343,-4.666666666666664,-2.0,1.3333333333333335,-2.0000000000000284,1.333333333333334,3.9999999999999982,-9.333333333333332,-0.6666666666666666,-20.666666666666657,-246.0,-1.9999999999999998,-8.333333333333314,-0.33333333333333326,6.333333333333336,-14.333333333333334,-0.1333333333333333,-0.11064425770308123,1.0
44,Minnesota Vikings,min,Chicago Bears,chi,4,0.0,0.3333333333333357,2.6666666666666665,0.0,-14.0,-13.333333333333336,-9.999999999999998,0.0,-25.666666666666657,-0.33333333333333215,9.333333333333332,11.666666666666668,2.0,97.33333333333333,-7.0,-2.0,83.33333333333331,0.6666666666666666,9.333333333333329,-11.666666666666668,-0.3333333333333333,0.07852564102564108,0.0
45,Dallas Cowboys,dal,New Orleans Saints,nor,4,0.33333333333333337,7.0,-1.0,0.0,60.333333333333314,-3.666666666666668,-0.3333333333333357,1.6666666666666667,56.666666666666686,-2.333333333333333,8.333333333333336,11.333333333333332,0.6666666666666666,81.33333333333333,165.66666666666674,-0.33333333333333337,141.66666666666663,-0.33333333333333337,3.0,-3.666666666666667,-0.5,0.1806451612903225,0.0
46,Cincinnati Bengals,cin,Pittsburgh Steelers,pit,4,0.0,3.333333333333334,0.6666666666666667,0.0,103.33333333333334,7.0,6.666666666666668,0.3333333333333335,113.99999999999997,1.666666666666666,1.6666666666666679,0.33333333333333215,0.0,-22.333333333333336,224.33333333333326,2.333333333333333,81.0,1.3333333333333333,-1.0,10.666666666666668,0.08333333333333331,0.15194805194805194,0.0
47,Los Angeles Rams,ram,Seattle Seahawks,sea,5,0.0,3.5,-0.75,1.5,31.75,10.0,3.5,-0.5,28.25,0.25,3.5,-3.5,0.25,-11.75,-82.25,-1.0,20.0,1.25,-0.75,-3.5,-0.4,0.06901669758812612,0.0
48,Arizona Cardinals,crd,Cincinnati Bengals,cin,5,0.0,2.0,-2.0,0.0,-22.75,0.75,1.0,-0.25,-19.75,-0.25,4.25,2.0,0.25,42.5,-83.0,0.25,19.75,-1.5,-7.5,3.0,0.6666666666666667,0.0105201636469901,1.0
49,Jacksonville Jaguars,jax,Carolina Panthers,car,5,0.0,-2.5,-1.25,0.0,-14.25,-5.0,-1.0,1.0,-21.25,3.75,-2.75,-1.5,-1.25,27.0,164.25,-0.25,12.75,-1.25,27.25,-7.0,0.75,-0.09608843537414963,0.0
50,New England Patriots,nwe,Washington Redskins,was,5,1.0,4.0,0.0,-1.25,24.5,-0.75,-2.0,0.0,7.5,-2.75,14.0,11.5,1.0,41.5,407.75,-1.25,66.0,-1.25,-5.5,-17.0,-0.75,0.12807881773399016,1.0
51,Chicago Bears,chi,Oakland Raiders,rai,5,0.25,-1.0,-1.25,-0.25,-26.75,1.75,-0.5,-0.5,-26.25,-0.25,-3.25,0.5,-0.5,-35.5,10.5,0.25,-62.25,-0.5,0.75,0.5,-0.30000000000000004,-0.12513368983957218,0.0
52,Baltimore Ravens,rav,Pittsburgh Steelers,pit,5,0.25,11.75,-0.5,-0.25,57.75,0.25,1.25,1.25,67.0,0.75,14.75,16.0,1.0,141.25,525.5,1.5,199.0,-0.5,-8.5,9.25,0.4666666666666666,0.20643939393939398,1.0
53,New York Jets,nyj,Philadelphia Eagles,phi,5,-0.5,-9.5,0.0,-0.16666666666666669,-108.0,-6.166666666666668,-1.75,-1.9166666666666667,-88.75,1.833333333333334,-16.5,-7.083333333333332,-1.25,-53.08333333333333,-167.5,2.583333333333333,-161.08333333333334,-0.25,14.833333333333329,19.25,-0.22857142857142856,-0.35210118319053446,0.0
54,Buffalo Bills,buf,Tennessee Titans,oti,5,0.25,3.25,-0.25,1.75,37.25,7.0,3.5,-1.0,24.25,1.5,-3.75,1.25,0.75,28.25,123.0,-1.75,65.5,2.25,-14.0,-13.0,0.3333333333333333,0.006938775510204054,1.0
55,Minnesota Vikings,min,New York Giants,nyg,5,0.0,-4.0,0.0,-0.5,-105.25,-15.25,-10.25,-0.5,-99.75,1.5,-0.75,6.5,0.75,26.25,-93.75,0.25,-79.0,-1.0,25.0,5.5,-0.0714285714285714,0.03446712018140591,1.0
56,Tampa Bay Buccaneers,tam,New Orleans Saints,nor,5,-0.25,3.75,0.25,0.5,54.75,1.0,-1.75,1.25,56.0,-0.5,9.75,7.0,0.25,10.75,78.5,1.0,65.5,0.5,-0.75,1.25,-0.16666666666666669,-0.028163265306122454,0.0
57,Atlanta Falcons,atl,Houston Texans,htx,5,-0.25,4.5,-0.5,1.0,103.5,12.25,10.5,0.5,96.75,3.5,-2.0,-5.75,-0.75,-50.0,-10.75,-2.0,53.5,1.0,13.0,-6.75,-0.4285714285714286,-0.04081632653061229,0.0
58,Denver Broncos,den,Los Angeles Chargers,sdg,5,-0.5,-2.0,-0.25,0.25,-51.5,0.25,-1.0,-0.5,-46.25,-1.25,-5.0,1.0,-0.25,-3.0,-254.25,0.0,-54.5,0.0,-12.0,5.25,0.30000000000000004,-0.10377358490566035,1.0
59,Green Bay Packers,gnb,Dallas Cowboys,dal,5,0.0,-2.75,0.5,-0.5,-28.25,4.75,-0.25,-0.75,-18.5,0.0,-5.5,-5.0,-0.25,-59.25,21.0,1.25,-87.5,-0.25,-17.25,9.75,0.0,-0.20466058763931105,1.0
60,Indianapolis Colts,clt,Kansas City Chiefs,kan,5,-0.5,-2.5,-1.0,0.5,-158.25,-4.75,-4.0,0.0,-149.75,-1.5,-10.25,4.0,-0.75,30.75,68.5,0.75,-127.5,0.0,-25.5,8.5,0.5,-0.03361344537815131,1.0
61,Cleveland Browns,cle,San Francisco 49ers,sfo,5,-0.5,-4.583333333333332,-1.4166666666666667,0.16666666666666674,19.25,6.666666666666668,0.8333333333333321,-0.6666666666666667,35.08333333333334,1.916666666666666,-9.75,-14.5,0.16666666666666674,-60.0,-139.08333333333326,2.3333333333333335,-40.75,-1.1666666666666665,14.333333333333329,15.833333333333332,0.2,-0.15792540792540788,0.0
62,New York Giants,nyg,New England Patriots,nwe,6,-0.6,-0.1999999999999993,1.6,0.4,-30.399999999999977,1.2000000000000028,1.0,-0.8,-27.80000000000001,-0.7999999999999998,-11.600000000000001,-5.599999999999998,-0.19999999999999996,17.0,-217.79999999999995,0.6000000000000001,-13.399999999999977,1.2000000000000002,-6.600000000000001,2.5999999999999996,0.4,0.01812434141201269,0.0
63,Carolina Panthers,car,Tampa Bay Buccaneers,tam,6,0.19999999999999996,-0.7999999999999972,1.2000000000000002,-0.8,-24.0,2.799999999999997,1.6000000000000014,-1.2000000000000002,-25.0,-2.4000000000000004,-3.599999999999998,-2.599999999999998,0.8,34.19999999999999,-201.79999999999995,-0.8000000000000003,10.199999999999989,0.40000000000000013,-15.199999999999996,-1.0,-0.5,0.016393442622950727,1.0
64,Seattle Seahawks,sea,Cleveland Browns,cle,6,0.4,5.0,0.8,-1.6,37.599999999999966,-1.5999999999999979,4.600000000000001,1.5999999999999999,28.400000000000006,-2.1999999999999993,8.200000000000003,8.400000000000002,-0.19999999999999996,10.199999999999989,187.4000000000001,-0.6000000000000001,47.80000000000001,-1.0,-22.39999999999999,-9.200000000000003,0.3,0.07021791767554475,1.0
65,Cincinnati Bengals,cin,Baltimore Ravens,rav,6,-0.6,-8.399999999999999,1.0,-0.19999999999999996,8.800000000000011,7.199999999999996,3.400000000000002,-1.0,17.19999999999999,0.40000000000000036,-16.200000000000003,-17.2,-1.2,-131.0,-400.8000000000002,1.0,-122.19999999999999,0.8,4.400000000000006,8.399999999999999,-0.4142857142857142,-0.07460317460317456,0.0
66,Philadelphia Eagles,phi,Minnesota Vikings,min,6,0.0,2.0,-1.4,0.0,36.400000000000006,10.599999999999998,4.400000000000002,1.0,27.0,-1.8000000000000007,5.800000000000001,-1.8000000000000007,-0.40000000000000013,-54.60000000000001,164.79999999999995,-0.6000000000000001,-18.19999999999999,-0.19999999999999996,-22.400000000000006,-9.399999999999999,-0.3333333333333334,0.09999999999999998,0.0
67,Washington Redskins,was,Miami Dolphins,mia,6,0.0,2.3499999999999996,-0.55,-0.1499999999999999,39.55000000000001,1.7999999999999972,6.300000000000001,0.8999999999999999,43.55000000000001,3.25,8.1,0.3500000000000014,0.4,17.049999999999997,167.8499999999999,-1.5,56.60000000000002,-0.04999999999999982,22.700000000000003,4.0,0.3749999999999999,-0.014716981132075452,1.0
68,Houston Texans,htx,Kansas City Chiefs,kan,6,-0.20000000000000007,-2.799999999999997,0.19999999999999996,0.4,-103.6,-7.200000000000003,-3.6000000000000014,0.0,-93.39999999999998,0.0,-3.400000000000002,3.200000000000003,0.0,40.80000000000001,100.79999999999995,2.2,-62.80000000000001,0.0,-5.0,10.2,0.5,0.05077658303464755,1.0
69,New Orleans Saints,nor,Jacksonville Jaguars,jax,6,0.4,-0.1999999999999993,-0.8,0.6000000000000001,-10.599999999999994,-0.3999999999999986,1.3999999999999986,-0.3999999999999999,-13.199999999999989,0.0,0.8000000000000007,-0.8000000000000007,0.2,-33.599999999999994,32.799999999999955,-0.7999999999999998,-44.200000000000045,-0.19999999999999996,-6.799999999999997,-2.5999999999999996,-0.2499999999999999,0.10963114754098352,1.0
70,Atlanta Falcons,atl,Arizona Cardinals,crd,6,-0.04999999999999999,2.799999999999997,0.6000000000000001,0.5999999999999999,76.19999999999999,4.199999999999996,6.0,1.4000000000000001,66.19999999999999,1.6000000000000014,0.3999999999999986,-5.199999999999999,-0.4,-59.2,39.0,-1.8000000000000003,17.0,1.0,16.000000000000007,-10.0,-0.375,0.06273946360153265,0.0
71,San Francisco 49ers,sfo,Los Angeles Rams,ram,6,0.4,-1.3999999999999986,0.5,-0.3999999999999999,-90.14999999999998,-15.899999999999999,-8.25,0.3500000000000001,-95.80000000000001,-0.5499999999999998,2.5500000000000007,15.5,-0.10000000000000009,103.8,316.54999999999995,-0.6000000000000001,13.649999999999977,-0.20000000000000018,5.149999999999999,-5.65,1.0,0.03988868274582558,1.0
72,Dallas Cowboys,dal,New York Jets,nyj,6,0.6,13.350000000000001,-0.65,0.44999999999999996,198.5,4.200000000000003,4.300000000000001,1.9500000000000002,172.7,-0.7000000000000002,16.45,6.800000000000001,0.95,74.80000000000001,-17.700000000000045,-4.55,273.3,0.10000000000000009,11.650000000000006,-25.8,-0.16666666666666666,0.2694736842105263,0.0
73,Tennessee Titans,oti,Denver Broncos,den,6,0.2,-0.6000000000000014,0.40000000000000013,-0.8,-38.60000000000002,-5.400000000000002,-5.0,0.19999999999999996,-28.400000000000006,-0.6000000000000005,1.6000000000000014,1.1999999999999993,0.20000000000000007,-3.0,55.0,1.6000000000000005,-41.599999999999966,-1.2,9.0,10.2,-0.8,-0.046874999999999944,0.0
74,Pittsburgh Steelers,pit,Los Angeles Chargers,sdg,6,-0.2,-6.0,0.40000000000000013,0.0,-68.79999999999998,-5.0,-5.0,0.0,-74.39999999999998,-0.1999999999999993,-0.8000000000000007,-3.6000000000000014,0.0,-22.799999999999997,-398.60000000000014,-1.2000000000000002,-91.59999999999997,-0.20000000000000018,-0.8000000000000043,-5.6,-0.2,-0.17851959361393327,1.0
75,Detroit Lions,det,Green Bay Packers,gnb,6,-0.13333333333333341,0.9499999999999993,0.44999999999999996,0.3,22.80000000000001,-0.75,-0.6000000000000014,1.05,19.100000000000023,1.0999999999999996,0.4499999999999993,5.350000000000001,-1.35,27.5,41.450000000000045,-0.25,50.30000000000001,0.7,2.3500000000000014,-3.6999999999999993,0.5,0.07673343605547,0.0
76,Kansas City Chiefs,kan,Denver Broncos,den,7,0.3333333333333333,5.333333333333336,0.16666666666666674,-0.6666666666666667,119.16666666666666,5.833333333333336,2.833333333333332,1.3333333333333335,111.50000000000003,0.666666666666667,11.0,-6.666666666666668,0.16666666666666674,-33.33333333333333,-158.33333333333348,-1.1666666666666667,85.83333333333331,-0.16666666666666652,13.666666666666664,-7.666666666666666,-0.29999999999999993,0.15053763440860213,1.0
77,Miami Dolphins,mia,Buffalo Bills,buf,7,-0.8,-7.800000000000001,0.40000000000000013,0.19999999999999996,-56.80000000000001,0.0,-2.8000000000000007,-0.4,-49.400000000000006,-2.8000000000000007,-9.6,-10.8,-1.0,-81.39999999999999,-406.5999999999999,1.7999999999999998,-138.2,0.0,-22.0,7.399999999999999,0.09999999999999998,-0.08870967741935487,0.0
78,Los Angeles Rams,ram,Atlanta Falcons,atl,7,0.33333333333333337,-2.666666666666668,0.33333333333333337,0.0,-45.333333333333314,-2.0,-5.5,-1.3333333333333333,-47.33333333333337,-1.666666666666667,3.0,3.5,1.1666666666666667,24.83333333333333,-131.66666666666674,-0.3333333333333335,-20.5,0.5,-13.666666666666664,-1.9999999999999982,-0.6250000000000001,-0.11826086956521742,1.0
79,San Francisco 49ers,sfo,Washington Redskins,was,7,0.8333333333333334,7.633333333333335,0.23333333333333317,-0.33333333333333326,23.19999999999999,-4.600000000000001,-1.3999999999999986,-0.10000000000000009,8.300000000000011,-1.9000000000000004,14.399999999999999,18.833333333333332,1.2666666666666668,98.30000000000001,504.0,-1.3,121.5,0.16666666666666674,-5.100000000000001,-14.9,0.25,0.22017045454545459,1.0
80,Arizona Cardinals,crd,New York Giants,nyg,7,0.06666666666666671,2.0,-1.8333333333333333,-0.6666666666666666,20.0,1.5,2.0,0.0,31.166666666666657,2.166666666666666,3.833333333333332,2.833333333333332,0.0,17.333333333333343,38.33333333333326,1.5,37.333333333333314,-1.8333333333333335,9.166666666666664,11.166666666666668,0.6363636363636364,0.03686274509803922,1.0
81,Oakland Raiders,rai,Green Bay Packers,gnb,7,-0.2333333333333334,-0.8000000000000007,0.3999999999999999,0.26666666666666666,-35.866666666666646,-4.299999999999997,0.7666666666666693,-0.1333333333333333,-41.599999999999994,0.833333333333333,-3.0666666666666664,1.6000000000000014,-0.1333333333333333,28.566666666666677,-32.76666666666665,-0.23333333333333317,-7.300000000000011,0.033333333333333215,13.56666666666667,-5.733333333333334,0.8333333333333334,0.16633132126089878,0.0
82,Minnesota Vikings,min,Detroit Lions,det,7,0.16666666666666663,-0.16666666666666785,1.3,0.09999999999999998,-48.866666666666646,-8.76666666666667,-3.1999999999999993,-0.30000000000000004,-48.39999999999998,-0.40000000000000036,1.1999999999999993,2.7333333333333307,1.1,51.400000000000006,-114.40000000000009,0.0,2.533333333333303,0.30000000000000004,18.200000000000003,0.4666666666666668,0.08333333333333326,0.040998217468805664,1.0
83,Houston Texans,htx,Indianapolis Colts,clt,7,0.06666666666666665,0.03333333333333144,1.0333333333333332,0.06666666666666665,55.0,0.2666666666666657,1.7333333333333307,0.0,61.599999999999994,2.4333333333333327,4.399999999999999,-3.633333333333333,0.7333333333333333,-2.166666666666657,-26.666666666666742,1.8,52.833333333333314,0.33333333333333326,30.366666666666674,6.6,-0.20000000000000007,0.05197505197505192,0.0
84,Jacksonville Jaguars,jax,Cincinnati Bengals,cin,7,0.3333333333333333,0.33333333333333215,-0.3333333333333335,-0.5,-13.833333333333314,-6.833333333333336,-3.5,0.5,-21.666666666666657,0.8333333333333339,3.333333333333332,7.0,-0.16666666666666666,71.0,158.5,-1.333333333333333,57.16666666666663,-0.6666666666666665,10.5,-7.833333333333332,0.3142857142857143,-0.0750617283950617,1.0
85,Los Angeles Chargers,sdg,Tennessee Titans,oti,7,0.0,4.333333333333332,-0.5,0.5,100.33333333333334,10.666666666666668,8.833333333333336,0.33333333333333326,78.16666666666669,0.33333333333333304,3.666666666666668,-5.5,-0.16666666666666663,-22.666666666666657,88.5,-2.833333333333333,77.66666666666669,1.1666666666666665,-6.999999999999993,-22.16666666666667,0.39999999999999997,0.18564768564768563,0.0
86,Baltimore Ravens,rav,Seattle Seahawks,sea,7,-0.16666666666666674,3.333333333333332,-0.6666666666666667,0.8333333333333334,-22.833333333333343,2.0,-0.6666666666666643,-0.3333333333333335,-23.666666666666686,-0.33333333333333304,3.166666666666668,5.166666666666664,0.33333333333333326,74.5,250.33333333333326,0.0,51.666666666666686,0.16666666666666674,-4.333333333333329,-0.8333333333333339,0.20000000000000007,0.11217948717948717,1.0
87,New Orleans Saints,nor,Chicago Bears,chi,7,0.2333333333333334,1.9333333333333336,0.8333333333333334,-0.13333333333333341,54.93333333333334,1.2999999999999972,1.7333333333333307,0.30000000000000004,51.866666666666646,-0.7666666666666666,3.9333333333333336,1.0666666666666664,-0.06666666666666671,23.733333333333334,130.23333333333335,-0.7666666666666668,78.66666666666669,0.033333333333333326,-11.200000000000003,-3.0666666666666647,0.0,0.0800865800865801,1.0
88,Philadelphia Eagles,phi,Dallas Cowboys,dal,7,0.0,-4.5,0.8333333333333333,-0.33333333333333337,-66.83333333333334,1.5,-2.166666666666668,0.16666666666666674,-67.0,-1.0,1.3333333333333321,-1.1666666666666643,-0.33333333333333326,-27.66666666666667,102.33333333333326,0.5,-94.5,0.16666666666666674,-17.83333333333333,-0.16666666666666607,0.3333333333333333,-0.007462686567164201,0.0
89,New England Patriots,nwe,New York Jets,nyj,7,0.8,9.166666666666668,-0.16666666666666663,-0.13333333333333341,128.83333333333331,8.433333333333337,5.133333333333333,1.0666666666666669,111.76666666666668,-2.0666666666666673,19.06666666666667,8.366666666666667,1.1,37.5,300.79999999999995,-3.166666666666667,166.33333333333331,-0.23333333333333317,-24.0,-17.066666666666663,-0.16666666666666669,0.19802152030544945,1.0
90,Washington Redskins,was,Minnesota Vikings,min,8,-0.5714285714285714,-7.142857142857144,-1.2857142857142856,0.7142857142857142,-48.28571428571428,3.8571428571428577,1.2857142857142847,-0.5714285714285714,-38.571428571428584,0.5714285714285721,-14.57142857142857,-11.142857142857146,-1.2857142857142856,-75.28571428571429,-190.0,0.8571428571428574,-123.57142857142861,0.4285714285714284,-11.714285714285708,9.714285714285714,-0.08333333333333337,-0.1744772891131939,0.0
91,Philadelphia Eagles,phi,Buffalo Bills,buf,8,-0.4047619047619048,-1.9523809523809526,0.5476190476190474,-0.619047619047619,2.809523809523796,0.9761904761904816,0.2619047619047592,0.6904761904761905,-2.833333333333343,-1.7857142857142856,4.261904761904759,-0.11904761904761685,-0.1428571428571429,-24.119047619047635,-46.66666666666674,-0.8095238095238093,-21.309523809523853,0.023809523809523947,-11.095238095238102,-5.642857142857142,-0.042857142857142816,0.1501831501831502,1.0
92,Seattle Seahawks,sea,Atlanta Falcons,atl,8,0.5714285714285714,-0.5714285714285694,0.2857142857142856,-1.0,-34.428571428571445,-8.714285714285715,-7.285714285714288,-0.1428571428571428,-41.428571428571445,-1.8571428571428577,5.142857142857142,12.428571428571427,0.7142857142857143,58.57142857142857,194.71428571428578,-0.28571428571428603,24.14285714285711,-0.5714285714285714,-14.714285714285715,-6.999999999999998,-0.125,-0.028714107365792774,1.0
93,Cincinnati Bengals,cin,Los Angeles Rams,ram,8,-0.5714285714285714,-3.7142857142857153,0.5714285714285714,0.1428571428571428,-23.00000000000003,0.2857142857142847,-0.5714285714285694,-0.14285714285714302,-13.571428571428555,-0.7142857142857144,-10.857142857142858,-6.428571428571431,-1.0,-43.99999999999999,-124.85714285714289,1.7142857142857142,-67.0,0.4285714285714286,-4.285714285714285,9.42857142857143,0.11904761904761904,0.01323407775020674,0.0
94,Tampa Bay Buccaneers,tam,Tennessee Titans,oti,8,-0.09523809523809523,3.095238095238095,-0.2142857142857142,1.0952380952380953,64.92857142857142,7.38095238095238,3.2857142857142847,0.7142857142857142,60.02380952380955,1.595238095238095,11.547619047619047,-1.1666666666666679,0.2857142857142857,-3.8333333333333286,22.0,-0.26190476190476186,61.09523809523813,1.452380952380952,-2.190476190476197,-4.904761904761905,0.35714285714285715,0.02942046126552328,0.0
95,Arizona Cardinals,crd,New Orleans Saints,nor,8,-0.3571428571428571,0.7142857142857153,-0.5714285714285714,0.0,-14.428571428571416,2.0,-0.2857142857142847,-0.5714285714285714,-5.857142857142861,1.1428571428571432,-0.42857142857142705,0.14285714285714235,0.5714285714285714,16.42857142857143,-247.28571428571422,1.5714285714285714,2.0,-0.1428571428571429,6.285714285714285,8.571428571428571,0.5,-0.004782608695652224,0.0
96,New York Jets,nyj,Jacksonville Jaguars,jax,8,-0.26190476190476186,-6.023809523809524,0.04761904761904745,1.0476190476190474,-96.11904761904762,-2.7619047619047628,-1.904761904761905,-1.0714285714285714,-83.47619047619048,0.19047619047619158,-10.071428571428573,-7.0476190476190474,0.19047619047619047,-73.30952380952381,-230.38095238095252,2.0476190476190474,-169.42857142857144,1.1666666666666665,1.3333333333333286,12.642857142857142,-0.42857142857142855,-0.10256410256410259,0.0
97,New York Giants,nyg,Detroit Lions,det,8,-0.11428571428571432,-1.571428571428573,1.1428571428571428,0.7857142857142858,-54.166666666666686,1.3809523809523796,0.6190476190476168,-1.0238095238095237,-48.97619047619045,-2.333333333333334,-5.9761904761904745,-5.595238095238095,0.5238095238095237,2.404761904761898,-166.5,0.8571428571428572,-51.76190476190476,1.4047619047619049,-5.904761904761905,5.190476190476192,-0.14285714285714285,-0.0004364906154518122,0.0
98,Denver Broncos,den,Indianapolis Colts,clt,8,-0.38095238095238093,-5.80952380952381,0.8809523809523808,0.2142857142857143,-13.976190476190482,-1.642857142857146,-0.7619047619047592,-1.4761904761904763,4.095238095238074,1.3571428571428568,-7.833333333333332,-4.5476190476190474,0.2142857142857143,-19.095238095238088,-172.2380952380954,2.261904761904762,-33.071428571428555,0.2857142857142858,17.333333333333336,18.071428571428573,-0.2500000000000001,-0.17243250576583907,0.0
99,Los Angeles Chargers,sdg,Chicago Bears,chi,8,-0.2142857142857143,5.404761904761905,0.9523809523809526,0.19047619047619047,99.76190476190479,2.904761904761905,1.7857142857142847,0.23809523809523814,92.16666666666666,-1.2380952380952381,1.3333333333333321,0.3095238095238102,0.09523809523809523,4.285714285714292,156.61904761904748,-0.6428571428571428,104.04761904761904,0.7142857142857142,-4.714285714285715,-7.595238095238097,-0.16666666666666669,0.16812354312354316,1.0
100,Carolina Panthers,car,San Francisco 49ers,sfo,8,-0.33333333333333337,-1.8333333333333321,0.6666666666666667,-0.8333333333333334,9.0,7.333333333333336,2.5,0.0,23.833333333333343,-0.6666666666666661,1.6666666666666679,-12.833333333333332,0.3333333333333335,-43.16666666666666,-381.33333333333326,1.3333333333333333,-34.166666666666686,-0.33333333333333326,-8.5,14.833333333333332,-0.55,-0.10911424903722727,0.0
101,Cleveland Browns,cle,New England Patriots,nwe,8,-0.6666666666666667,-4.642857142857142,0.11904761904761907,1.119047619047619,-48.38095238095238,-6.214285714285715,-7.30952380952381,-0.738095238095238,-38.47619047619051,3.071428571428571,-11.857142857142858,-7.19047619047619,-0.2142857142857142,22.26190476190476,-361.5952380952383,1.0952380952380951,-26.119047619047592,1.1904761904761907,26.619047619047613,9.904761904761903,0.125,-0.11599005799502898,0.0
102,Oakland Raiders,rai,Houston Texans,htx,8,-0.0714285714285714,-3.095238095238095,-0.23809523809523814,-0.19047619047619047,-28.857142857142833,-1.7142857142857153,0.38095238095238315,-0.3571428571428572,-37.85714285714283,-0.14285714285714235,-5.261904761904759,0.5952380952380949,-0.2857142857142858,3.690476190476204,21.190476190476147,-1.6666666666666667,-25.166666666666686,-0.09523809523809534,6.142857142857139,-9.0,0.0892857142857143,0.011627906976744207,0.0
103,Green Bay Packers,gnb,Kansas City Chiefs,kan,8,0.1428571428571428,-1.1428571428571423,-0.7142857142857143,0.14285714285714285,-44.0,-1.5714285714285694,-0.7142857142857153,-0.4285714285714284,-39.71428571428572,-1.1428571428571432,-2.571428571428573,4.142857142857146,0.5714285714285715,17.0,255.1428571428571,0.4285714285714284,-27.0,0.0,-20.857142857142854,4.2857142857142865,-0.6,-0.10886644219977554,1.0
104,Miami Dolphins,mia,Pittsburgh Steelers,pit,8,-0.3333333333333333,-0.16666666666666785,0.5,0.8333333333333334,-8.0,3.9999999999999964,-0.6666666666666679,-0.6666666666666666,8.666666666666657,-0.6666666666666661,-10.0,-1.8333333333333321,-0.16666666666666663,-9.833333333333329,-38.0,3.1666666666666665,-17.833333333333314,0.8333333333333333,-9.666666666666671,16.666666666666668,0.3833333333333334,-0.04978354978354982,0.0
105,San Francisco 49ers,sfo,Arizona Cardinals,crd,9,0.5714285714285714,2.7678571428571423,0.8928571428571428,0.5,-20.23214285714286,-9.482142857142858,-4.25,0.4107142857142858,-33.5,-2.428571428571429,8.321428571428573,14.482142857142854,0.8571428571428572,64.64285714285714,409.55357142857156,-1.8035714285714286,44.41071428571428,1.2142857142857142,-9.535714285714285,-13.267857142857142,0.0357142857142857,0.05473602484472051,1.0
106,Houston Texans,htx,Jacksonville Jaguars,jax,9,0.125,5.0,0.0,0.5,18.125,0.875,3.0,0.25,22.5,-0.25,4.875,-0.375,1.0,-2.875,-18.25,0.75,15.25,0.25,-6.125,4.375,0.16666666666666663,0.14666666666666667,1.0
107,Tennessee Titans,oti,Carolina Panthers,car,9,-0.0714285714285714,-0.6071428571428577,-0.1071428571428572,-0.0714285714285714,-5.107142857142861,-5.821428571428569,-2.2857142857142847,0.5,-3.125,0.7857142857142856,-7.071428571428573,1.1071428571428577,-0.9464285714285714,-31.321428571428584,119.89285714285711,0.9642857142857144,-36.428571428571445,-0.9642857142857142,19.25,1.9821428571428577,-0.01785714285714285,0.018726591760299616,0.0
108,Washington Redskins,was,Buffalo Bills,buf,9,-0.5892857142857143,-6.482142857142858,-0.1785714285714286,-0.017857142857142794,-38.91071428571428,-4.517857142857146,-0.928571428571427,-0.1607142857142858,-30.803571428571416,-0.6785714285714288,-6.767857142857142,-6.339285714285715,-0.6071428571428571,-45.678571428571416,-242.17857142857133,-0.1071428571428572,-84.58928571428572,0.03571428571428581,-7.0,8.107142857142858,0.38095238095238093,-0.09482758620689652,0.0
109,Indianapolis Colts,clt,Pittsburgh Steelers,pit,9,0.28571428571428575,5.857142857142858,-0.4285714285714286,-0.42857142857142855,12.285714285714278,0.8571428571428612,0.7142857142857117,0.5714285714285714,15.285714285714278,-0.5714285714285712,1.142857142857146,8.0,-0.1428571428571429,40.28571428571428,180.1428571428571,0.5714285714285714,52.571428571428555,-0.2857142857142858,-7.857142857142861,2.999999999999999,0.7083333333333334,0.08452429563086972,0.0
110,Chicago Bears,chi,Philadelphia Eagles,phi,9,-0.07142857142857145,-1.446428571428573,-1.3214285714285714,0.0892857142857143,-20.464285714285722,2.6785714285714306,3.4107142857142847,-0.6071428571428572,-13.767857142857139,0.9107142857142856,-6.964285714285715,-6.089285714285715,-0.6964285714285714,-41.85714285714286,-82.33928571428578,0.7142857142857144,-62.321428571428555,-0.6071428571428572,2.4107142857142847,6.696428571428573,0.24305555555555558,-0.16447908121410992,0.0
111,New York Jets,nyj,Miami Dolphins,mia,9,0.14285714285714285,-3.1428571428571423,-0.857142857142857,-0.1428571428571428,-43.14285714285714,-4.857142857142858,-1.1428571428571423,-0.1428571428571428,-34.0,3.0,0.14285714285714235,-0.14285714285714235,-0.14285714285714285,-1.857142857142854,57.14285714285711,0.8571428571428568,-45.0,-0.1428571428571428,29.14285714285714,9.142857142857142,-0.2777777777777778,-0.09898580121703854,0.0
112,Minnesota Vikings,min,Kansas City Chiefs,kan,9,0.125,-0.5,0.75,0.25,-73.125,-10.25,-4.5,-0.625,-70.875,0.5,-1.875,11.625,0.75,77.125,196.0,0.5,4.0,0.25,7.375,2.25,-0.02857142857142858,-0.02634865134865133,0.0
113,Tampa Bay Buccaneers,tam,Seattle Seahawks,sea,9,-0.4642857142857143,-0.14285714285714235,0.3392857142857142,1.5892857142857142,18.553571428571445,6.321428571428569,0.48214285714285765,-0.125,30.125,1.0357142857142865,2.0,-4.946428571428573,-0.1428571428571429,-30.714285714285708,-42.58928571428578,1.625,-12.160714285714278,1.4285714285714284,10.25,11.571428571428573,0.0,-0.03453689167974888,0.0
114,Detroit Lions,det,Oakland Raiders,rai,9,0.07142857142857145,0.8571428571428541,-0.1428571428571428,0.0,42.285714285714306,4.0,0.14285714285714235,0.5714285714285714,51.71428571428572,-0.2857142857142865,4.142857142857142,-0.5714285714285694,-0.5714285714285714,-34.571428571428555,25.0,1.1428571428571428,7.714285714285722,0.14285714285714302,-16.14285714285714,9.428571428571427,-0.2142857142857143,-0.07976994248562141,0.0
115,Green Bay Packers,gnb,Los Angeles Chargers,sdg,9,0.5,0.0,-0.375,-0.625,-9.25,-2.875,-2.25,0.5,0.25,-0.375,7.25,5.625,0.75,32.125,117.875,0.375,22.875,-0.75,-8.375,9.5,-0.3333333333333333,-0.07620495006513245,0.0
116,Cleveland Browns,cle,Denver Broncos,den,9,0.0357142857142857,-1.1071428571428577,-0.4821428571428572,1.0892857142857142,17.23214285714286,0.3928571428571459,-2.375,0.1071428571428571,16.535714285714278,2.75,3.375,-3.928571428571427,0.5357142857142858,15.42857142857143,-56.05357142857133,-0.375,32.66071428571428,1.3035714285714284,22.67857142857143,-0.696428571428573,-0.2916666666666667,0.0076032284477716705,0.0
117,New England Patriots,nwe,Baltimore Ravens,rav,9,0.2857142857142857,-2.821428571428573,-0.5178571428571428,-0.0892857142857143,43.91071428571428,7.678571428571427,5.089285714285715,-0.08928571428571419,43.553571428571416,-1.4464285714285712,0.678571428571427,-7.357142857142854,0.0714285714285714,-108.89285714285714,-79.07142857142844,-0.6785714285714284,-64.98214285714283,0.0,-6.214285714285715,-0.35714285714285765,-0.2272727272727273,-0.07422238778170986,0.0
118,Dallas Cowboys,dal,New York Giants,nyg,9,0.3214285714285714,4.571428571428573,-1.5535714285714286,-0.125,60.48214285714283,-4.125,0.125,0.2142857142857142,50.53571428571428,1.8392857142857144,7.392857142857142,7.982142857142858,0.8214285714285714,43.625,85.73214285714289,-1.4464285714285714,104.10714285714283,-1.0892857142857142,24.17857142857143,-9.946428571428571,0.020833333333333315,0.11447811447811446,1.0
119,Los Angeles Chargers,sdg,Oakland Raiders,rai,10,-0.05555555555555558,1.1944444444444429,-0.375,0.2777777777777778,36.083333333333314,5.486111111111114,2.3888888888888893,-0.41666666666666674,38.166666666666686,-2.1805555555555554,-2.416666666666668,-6.5,-0.33333333333333337,-56.93055555555556,9.569444444444343,0.6527777777777777,-20.84722222222223,0.4444444444444444,-25.333333333333336,2.083333333333334,-0.23809523809523808,-0.03623389861921972,0.0
120,Baltimore Ravens,rav,Cincinnati Bengals,cin,10,0.75,5.625,-0.125,-0.375,-35.625,-11.75,-5.625,0.5,-48.0,0.5,15.875,18.625,1.25,145.375,489.625,-1.375,109.75,-0.75,7.25,-12.375,0.28846153846153844,0.08786013736508785,1.0
121,Detroit Lions,det,Chicago Bears,chi,10,0.05357142857142855,3.75,0.5,0.0,109.0,1.875,0.875,1.375,107.0,0.25,7.75,3.25,-0.375,15.5,92.0,-0.5,124.5,0.25,-1.5,-2.0,-0.05555555555555558,0.09973604826546001,0.0
122,Arizona Cardinals,crd,Tampa Bay Buccaneers,tam,10,0.125,-3.416666666666668,-1.4027777777777777,-1.0555555555555556,-53.486111111111114,-3.1527777777777786,-0.19444444444444287,-1.0,-53.20833333333334,-0.3888888888888893,-7.083333333333332,-2.1527777777777786,0.0,21.305555555555557,-242.7638888888889,-0.4166666666666665,-32.18055555555554,-1.8055555555555556,-8.986111111111114,0.27777777777777857,0.15873015873015872,0.010714285714285732,0.0
123,Kansas City Chiefs,kan,Tennessee Titans,oti,10,0.2222222222222222,2.666666666666668,0.0,-0.5555555555555556,87.7777777777778,6.111111111111107,4.111111111111111,0.6666666666666667,74.33333333333334,-0.22222222222222232,9.333333333333332,-4.777777777777779,0.0,-10.666666666666657,-116.55555555555543,-2.4444444444444446,77.11111111111109,0.0,-8.999999999999993,-13.444444444444443,0.4444444444444444,0.11518741159830276,0.0
124,New York Giants,nyg,New York Jets,nyj,10,0.09722222222222221,6.375,0.8611111111111112,-0.38888888888888884,67.41666666666666,6.819444444444443,4.111111111111111,0.6944444444444444,61.0,-2.6388888888888893,7.555555555555557,2.0138888888888893,0.41666666666666663,35.861111111111114,64.59722222222217,-1.5138888888888888,103.27777777777777,0.31944444444444464,-24.166666666666664,-6.416666666666668,-0.010695187165775444,0.1635815755488592,0.0
125,Atlanta Falcons,atl,New Orleans Saints,nor,10,-0.75,3.0,0.75,0.5,55.75,6.875,5.5,0.375,64.125,1.75,-3.75,-8.0,-0.25,-45.75,-257.75,1.125,10.0,1.125,15.875,8.375,0.16666666666666663,-0.01858974358974358,1.0
126,Buffalo Bills,buf,Cleveland Browns,cle,10,0.5,2.875,0.5,-0.5,-18.375,-1.875,-0.375,0.375,-25.375,-1.75,0.75,4.875,-0.125,8.375,71.75,-0.125,-10.0,-0.625,-17.75,-7.0,0.06060606060606061,0.0575139146567718,0.0
127,Miami Dolphins,mia,Indianapolis Colts,clt,10,-0.5,-5.875,0.5,1.0,-15.375,2.625,-0.625,-1.0,-6.875,-0.625,-9.875,-10.25,-0.125,-66.0,-260.375,2.0,-81.375,0.875,-8.25,8.5,-0.31818181818181823,-0.10819833087874325,1.0
128,Los Angeles Rams,ram,Pittsburgh Steelers,pit,10,0.125,4.625,-0.625,0.0,84.875,6.75,2.875,0.0,89.5,1.125,4.75,1.75,0.75,8.875,0.625,0.5,93.75,0.125,-2.75,4.625,0.023809523809523808,0.03428093645484953,0.0
129,Carolina Panthers,car,Green Bay Packers,gnb,10,-0.1527777777777778,-0.9722222222222214,0.9583333333333334,0.4027777777777778,-50.236111111111086,-0.2083333333333357,-2.3611111111111107,-0.7638888888888888,-43.236111111111086,-0.6944444444444446,1.0138888888888893,2.125,0.5138888888888888,37.54166666666667,-132.34722222222217,1.0277777777777777,-12.694444444444457,0.8472222222222222,4.402777777777779,7.0,0.3333333333333333,-0.04499626587005229,0.0
130,Minnesota Vikings,min,Dallas Cowboys,dal,10,0.04166666666666663,-3.3888888888888893,1.3611111111111112,-0.6666666666666667,-53.83333333333334,-6.013888888888889,-4.416666666666668,-0.09722222222222232,-51.16666666666666,-0.8888888888888893,-2.375,2.3472222222222214,-0.04166666666666674,3.75,50.861111111111086,0.5277777777777777,-50.083333333333314,-0.26388888888888884,-11.541666666666671,2.666666666666666,0.2916666666666668,-0.07547169811320759,1.0
131,Seattle Seahawks,sea,San Francisco 49ers,sfo,10,-0.2222222222222222,1.0,0.4444444444444444,-0.7638888888888888,44.208333333333314,4.180555555555557,2.0972222222222214,0.8194444444444446,50.583333333333314,1.0138888888888893,-1.8194444444444429,-7.541666666666668,-0.7361111111111112,-39.45833333333334,-195.375,0.9444444444444446,4.75,-0.5,2.569444444444443,6.375,-0.30000000000000004,-0.09001211701575212,1.0
132,Pittsburgh Steelers,pit,Cleveland Browns,cle,11,0.22222222222222227,-1.4444444444444429,0.7777777777777777,-0.5555555555555555,-19.0,-1.4444444444444429,0.6666666666666643,0.33333333333333326,-33.888888888888886,-1.5555555555555562,2.444444444444443,-0.11111111111111072,-0.4444444444444444,-40.66666666666666,-31.0,-1.5555555555555554,-59.666666666666686,-0.4444444444444444,-13.555555555555557,-14.88888888888889,-0.057692307692307654,0.04918450560652393,0.0
133,Jacksonville Jaguars,jax,Indianapolis Colts,clt,11,-0.11111111111111116,-3.1111111111111107,0.3333333333333335,-0.33333333333333337,36.2222222222222,1.4444444444444429,0.5555555555555536,-0.4444444444444444,37.666666666666686,1.8888888888888884,-2.0,-3.444444444444443,-0.3333333333333333,2.1111111111111,5.555555555555657,0.5555555555555558,38.333333333333314,-0.11111111111111116,16.333333333333336,1.4444444444444446,-0.2923076923076923,-0.09606893604899586,0.0
134,Atlanta Falcons,atl,Carolina Panthers,car,11,-0.33333333333333337,4.0,-0.4444444444444444,0.44444444444444453,85.7777777777778,6.0,8.11111111111111,1.0,78.55555555555557,2.5555555555555545,-3.7777777777777786,-5.555555555555557,-1.2222222222222223,-54.666666666666686,42.55555555555566,-0.7777777777777777,31.111111111111143,0.11111111111111094,14.0,-7.222222222222221,0.3,0.10113780025284458,1.0
135,New York Jets,nyj,Washington Redskins,was,11,0.1111111111111111,0.0,-0.11111111111111116,0.33333333333333326,-5.666666666666657,2.6666666666666643,0.8888888888888893,-0.2222222222222222,-2.5555555555555713,1.333333333333333,2.4444444444444446,0.22222222222222143,0.2222222222222222,-22.111111111111114,91.77777777777783,1.4444444444444442,-27.777777777777743,0.33333333333333326,20.77777777777777,3.1111111111111107,-0.1833333333333333,-0.004916136495083878,1.0
136,New Orleans Saints,nor,Tampa Bay Buccaneers,tam,11,0.4444444444444445,-2.444444444444443,-1.1111111111111112,-1.0,-23.555555555555543,-2.3333333333333286,2.6666666666666643,-0.33333333333333326,-31.0,-1.333333333333333,-6.222222222222221,-1.5555555555555536,-0.5555555555555556,6.0,30.666666666666742,-1.7777777777777777,-17.555555555555543,-1.666666666666667,-16.111111111111114,-7.444444444444445,-0.2698412698412699,0.039367816091954,1.0
137,Houston Texans,htx,Baltimore Ravens,rav,11,-0.11111111111111116,-0.44444444444444287,0.33333333333333326,0.0,29.44444444444443,4.111111111111107,3.8888888888888893,0.22222222222222232,35.666666666666686,1.0,-6.888888888888893,-7.0,-0.5555555555555556,-54.44444444444446,-172.8888888888889,0.6666666666666665,-25.0,0.11111111111111116,10.111111111111114,6.222222222222221,-0.06923076923076932,-0.017512839942746494,0.0
138,Denver Broncos,den,Minnesota Vikings,min,11,-0.36666666666666664,-4.033333333333331,-0.34444444444444433,0.2555555555555556,-31.844444444444463,2.833333333333332,0.6333333333333329,-0.9111111111111112,-19.811111111111103,0.32222222222222197,-9.644444444444442,-6.822222222222223,-0.5222222222222223,-41.111111111111114,-114.94444444444434,1.6333333333333335,-72.95555555555552,0.11111111111111116,-4.0,12.033333333333331,-0.04166666666666652,-0.15595238095238095,0.0
139,Buffalo Bills,buf,Miami Dolphins,mia,11,0.4444444444444444,3.8888888888888857,-0.33333333333333326,-0.5555555555555556,18.44444444444443,-1.8888888888888857,-0.7777777777777786,0.11111111111111116,12.7777777777778,2.1111111111111107,6.111111111111111,6.333333333333332,0.6666666666666667,59.888888888888886,156.77777777777783,-1.3333333333333335,78.33333333333337,-0.7777777777777779,14.333333333333336,-5.666666666666664,-0.2272727272727273,0.02978824273072056,1.0
140,Dallas Cowboys,dal,Detroit Lions,det,11,0.18055555555555558,3.333333333333332,-0.2222222222222222,0.33333333333333337,8.0,-1.8888888888888857,0.44444444444444287,-0.22222222222222232,1.0,-0.11111111111111072,3.7777777777777786,3.0,1.0,42.0,-65.88888888888891,-1.0,50.0,0.0,15.111111111111107,-6.999999999999998,-0.17500000000000002,0.10418262601501449,1.0
141,Arizona Cardinals,crd,San Francisco 49ers,sfo,11,-0.5555555555555556,-2.4888888888888907,-0.8111111111111111,-0.38888888888888884,17.03333333333333,5.866666666666671,2.5444444444444443,-0.3555555555555556,27.899999999999977,2.6222222222222227,-6.577777777777779,-13.066666666666663,-0.5444444444444444,-45.77777777777777,-446.34444444444443,1.3111111111111113,-28.74444444444447,-1.0666666666666669,11.155555555555559,10.866666666666665,0.033333333333333326,-0.106575682382134,0.0
142,Cincinnati Bengals,cin,Oakland Raiders,rai,11,-0.5555555555555556,-0.6666666666666679,0.33333333333333326,0.5555555555555556,5.555555555555543,9.333333333333329,2.1111111111111107,-0.5555555555555556,20.111111111111114,-3.0,-7.888888888888889,-6.555555555555557,-0.6666666666666667,-59.55555555555556,-84.66666666666674,2.1111111111111116,-54.0,1.1111111111111112,-36.77777777777777,14.555555555555555,-0.288235294117647,-0.08065208065208068,0.0
143,New England Patriots,nwe,Philadelphia Eagles,phi,11,0.33333333333333326,1.2222222222222214,-0.888888888888889,0.11111111111111105,54.22222222222226,5.666666666666664,4.444444444444446,-0.11111111111111116,55.33333333333337,-0.33333333333333304,5.111111111111111,-1.8888888888888893,0.33333333333333326,-34.44444444444444,45.333333333333485,-0.44444444444444464,19.77777777777777,-0.4444444444444444,-4.222222222222221,1.1111111111111107,0.1470588235294118,-0.08692440285643932,1.0
144,Chicago Bears,chi,Los Angeles Rams,ram,11,-0.11111111111111116,-4.222222222222221,-0.6666666666666667,-0.5555555555555556,-97.88888888888889,-6.444444444444443,-2.1111111111111107,0.0,-90.77777777777777,-0.44444444444444464,-7.111111111111111,-1.8888888888888893,-0.6666666666666667,-15.666666666666671,-8.888888888888914,1.2222222222222223,-113.55555555555554,-0.7777777777777777,-1.1111111111111143,7.111111111111111,0.475,-0.06616116562592927,0.0
145,Kansas City Chiefs,kan,Los Angeles Chargers,sdg,11,0.19999999999999996,0.3000000000000007,0.7,-0.9,43.799999999999955,1.7999999999999972,1.0999999999999979,0.8000000000000003,46.19999999999999,0.40000000000000036,7.699999999999999,-1.5,0.0,4.700000000000003,-125.0,-0.30000000000000004,48.5,-0.6000000000000001,7.399999999999999,2.4000000000000004,0.18055555555555552,0.006795761782974086,1.0
146,Indianapolis Colts,clt,Houston Texans,htx,12,0.0,-0.5,0.0,0.10000000000000009,-36.80000000000001,-0.6999999999999957,-2.6999999999999993,0.09999999999999987,-43.20000000000002,-2.0,-1.8000000000000007,3.1000000000000014,-0.40000000000000013,0.4000000000000057,40.100000000000136,-1.2000000000000002,-36.39999999999998,0.19999999999999996,-16.4,-6.400000000000002,0.09523809523809512,-0.019924402588250456,0.0
147,Denver Broncos,den,Buffalo Bills,buf,12,-0.39999999999999997,-2.700000000000003,-0.10000000000000009,-0.20000000000000007,-10.300000000000011,-1.0999999999999943,0.10000000000000142,-0.4,-0.8999999999999773,-0.20000000000000018,-3.900000000000002,-1.5,-0.30000000000000004,-15.599999999999994,-38.299999999999955,0.9000000000000004,-25.900000000000034,-0.09999999999999987,0.5,9.399999999999999,0.41666666666666663,-0.08046398046398046,0.0
148,Tampa Bay Buccaneers,tam,Atlanta Falcons,atl,12,0.0,-0.7000000000000028,0.20000000000000018,0.8,-14.699999999999989,-0.3999999999999986,-4.699999999999999,-0.10000000000000009,-11.300000000000011,0.7000000000000002,5.699999999999999,3.6999999999999993,0.6,20.299999999999997,82.79999999999995,1.1,5.599999999999966,0.8999999999999999,9.5,3.3999999999999986,-0.2272727272727273,-0.03759398496240601,1.0
149,Detroit Lions,det,Washington Redskins,was,12,0.2333333333333333,6.899999999999999,-0.5999999999999999,-0.4,111.39999999999998,6.899999999999999,3.8999999999999986,1.1,101.39999999999998,0.5,11.899999999999999,5.599999999999998,0.2,12.799999999999997,216.20000000000005,-0.9000000000000004,124.19999999999999,-0.30000000000000004,7.0,-10.0,-0.17045454545454547,0.15313257182416062,0.0
150,Seattle Seahawks,sea,Philadelphia Eagles,phi,12,0.30000000000000004,2.0,0.0,-0.3,40.80000000000001,-2.1999999999999957,1.0999999999999979,0.6999999999999997,43.89999999999998,0.5,4.100000000000001,1.5999999999999979,-0.09999999999999998,10.499999999999986,-29.100000000000136,0.20000000000000018,51.30000000000001,-0.19999999999999996,1.2999999999999972,3.1000000000000014,0.16666666666666669,-0.05489533691258969,1.0
151,Oakland Raiders,rai,New York Jets,nyj,12,0.3,5.0,0.0,-0.8,67.4,-0.09999999999999787,2.8000000000000007,0.5,51.099999999999994,0.5,6.100000000000001,6.199999999999999,0.5,56.099999999999994,123.5,-2.5999999999999996,123.5,-0.8999999999999999,4.200000000000003,-16.3,0.2657342657342658,0.2222222222222222,0.0
152,Carolina Panthers,car,New Orleans Saints,nor,12,-0.30000000000000004,-1.0,0.9,0.5,-35.900000000000006,0.5,-3.8999999999999986,-0.7,-21.899999999999977,-1.5,-1.0,-0.40000000000000213,0.8999999999999999,18.5,-249.89999999999986,1.5,-17.399999999999977,1.2999999999999998,-4.899999999999999,13.999999999999998,0.09166666666666667,-0.13477385094305072,0.0
153,Miami Dolphins,mia,Cleveland Browns,cle,12,-0.2,-1.3999999999999986,0.7999999999999999,0.10000000000000009,-18.30000000000001,1.8000000000000043,1.5,-0.20000000000000007,-16.0,-3.1999999999999993,-5.299999999999999,-4.600000000000001,-0.4,-61.60000000000001,-129.60000000000014,1.6,-79.89999999999998,0.30000000000000004,-37.800000000000004,2.3000000000000007,0.1423076923076923,0.010708661417322851,0.0
154,Pittsburgh Steelers,pit,Cincinnati Bengals,cin,12,0.5,-2.0,0.19999999999999996,0.10000000000000009,-25.69999999999999,-5.600000000000001,-1.8000000000000007,0.30000000000000004,-39.70000000000002,1.2999999999999998,5.300000000000001,1.6000000000000014,0.09999999999999998,0.10000000000000853,35.600000000000136,-2.1,-25.600000000000023,-0.30000000000000004,17.4,-13.999999999999998,-0.23923444976076558,-0.03675714890272658,1.0
155,New York Giants,nyg,Chicago Bears,chi,12,-0.2,2.6000000000000014,1.7999999999999998,0.4,45.19999999999999,4.0,2.1999999999999993,0.5,52.5,-0.8000000000000007,3.400000000000002,-1.5,0.09999999999999998,14.299999999999997,-9.900000000000091,0.3999999999999999,59.5,1.4,-0.8999999999999986,7.300000000000001,-0.13157894736842107,0.09315272915112205,0.0
156,Jacksonville Jaguars,jax,Tennessee Titans,oti,12,-0.09999999999999998,0.0,-0.10000000000000009,-0.09999999999999998,44.5,6.600000000000001,3.400000000000002,0.10000000000000009,30.50000000000003,0.7000000000000002,-1.4000000000000021,-0.5,-0.8,6.299999999999997,99.70000000000005,-1.8000000000000003,50.80000000000001,0.30000000000000004,-1.1999999999999886,-13.999999999999998,0.16363636363636364,0.020864661654135308,0.0
157,Dallas Cowboys,dal,New England Patriots,nwe,12,-0.30000000000000004,3.1000000000000014,0.0,0.30000000000000004,43.80000000000001,-4.199999999999996,-1.3000000000000007,0.6000000000000001,40.80000000000001,1.2999999999999998,-0.09999999999999787,1.0,-0.10000000000000009,40.900000000000006,-188.70000000000005,-0.5,84.70000000000005,0.30000000000000004,15.0,-3.0,-0.3,0.13290605498397706,0.0
158,Green Bay Packers,gnb,San Francisco 49ers,sfo,12,-0.09999999999999998,-1.8000000000000007,-0.4,-0.8,16.30000000000001,2.900000000000002,0.6000000000000014,-0.10000000000000009,22.400000000000006,0.5999999999999996,-4.5,-10.599999999999998,0.0,-46.900000000000006,-171.80000000000018,0.30000000000000027,-30.600000000000023,-1.0,-10.100000000000001,6.099999999999998,-0.5,-0.10277113881532207,0.0
159,Baltimore Ravens,rav,Los Angeles Rams,ram,12,0.20000000000000007,4.0,-0.2999999999999998,-0.5000000000000001,-43.39999999999998,-8.2,-2.900000000000002,0.8999999999999999,-46.00000000000003,-0.7000000000000002,9.8,10.299999999999997,0.30000000000000004,105.5,364.0999999999999,0.2999999999999998,62.10000000000002,-0.8,-2.0,-2.5999999999999996,0.5892857142857143,0.13200431034482768,1.0
160,Chicago Bears,chi,Detroit Lions,det,13,0.15454545454545454,-3.7272727272727266,-0.45454545454545453,-0.09090909090909094,-82.0909090909091,-0.8181818181818201,-0.2727272727272734,-0.909090909090909,-80.99999999999997,-1.0909090909090908,-6.545454545454547,-3.545454545454543,0.18181818181818177,-27.090909090909093,-69.5454545454545,0.27272727272727293,-109.18181818181819,-0.36363636363636376,-8.727272727272727,1.09090909090909,0.12500000000000006,-0.11196347031963472,1.0
161,Buffalo Bills,buf,Dallas Cowboys,dal,13,0.18181818181818188,-3.09090909090909,0.6363636363636364,-0.09090909090909083,-90.00000000000003,-3.7272727272727266,-4.636363636363637,-0.5454545454545456,-85.99999999999997,0.2727272727272734,-5.818181818181817,1.4545454545454533,-0.09090909090909083,9.363636363636374,71.09090909090901,1.0909090909090908,-80.63636363636363,-0.09090909090909083,-9.454545454545446,4.0,0.16666666666666669,-0.10479293672482654,1.0
162,New Orleans Saints,nor,Atlanta Falcons,atl,13,0.5454545454545455,-2.545454545454543,-0.9090909090909092,-0.4545454545454546,-38.0,-5.18181818181818,-2.09090909090909,-0.09090909090909105,-44.72727272727275,0.18181818181818166,2.7272727272727266,3.8181818181818166,0.09090909090909088,35.54545454545455,159.3636363636365,-0.9090909090909092,-2.454545454545439,-1.0,3.0909090909090935,-6.727272727272728,-0.380952380952381,0.031441513455902015,1.0
163,San Francisco 49ers,sfo,Baltimore Ravens,rav,13,0.09090909090909083,-3.1818181818181834,-0.09090909090909083,0.36363636363636365,13.909090909090907,2.0,1.8181818181818201,-0.4545454545454548,17.545454545454533,-0.6363636363636367,-4.90909090909091,-3.2727272727272734,-0.18181818181818188,-64.9090909090909,-118.18181818181824,0.0,-51.0,0.6363636363636364,3.9090909090909065,3.6363636363636367,-0.26470588235294124,-0.03806336923559561,0.0
164,Cleveland Browns,cle,Pittsburgh Steelers,pit,13,-0.09090909090909088,2.3636363636363633,-0.5454545454545454,0.09090909090909105,29.363636363636374,0.7272727272727337,-0.09090909090908994,0.0,36.45454545454547,1.1818181818181817,1.5454545454545467,1.2727272727272698,0.6363636363636362,36.363636363636374,76.4545454545455,0.8181818181818181,65.72727272727275,0.0,17.727272727272727,7.090909090909092,0.1258741258741259,-0.009913673071567819,0.0
165,Green Bay Packers,gnb,New York Giants,nyg,13,0.5454545454545454,1.3636363636363633,-1.5454545454545454,-0.7272727272727273,18.72727272727272,-3.4545454545454604,-1.4545454545454533,-0.09090909090909083,13.363636363636402,0.5454545454545459,3.7272727272727266,3.2727272727272734,0.6363636363636365,7.9090909090909065,172.09090909090924,-0.7272727272727271,26.636363636363626,-1.5454545454545456,-4.272727272727273,-5.363636363636363,-0.2246376811594203,-0.0364762931034483,1.0
166,Philadelphia Eagles,phi,Miami Dolphins,mia,13,0.2727272727272727,3.545454545454543,0.36363636363636354,-0.7272727272727272,15.454545454545467,-0.6363636363636331,0.6363636363636367,0.5454545454545454,7.818181818181813,0.45454545454545414,7.272727272727272,8.363636363636363,0.2727272727272727,58.00000000000001,279.90909090909076,-1.6363636363636362,73.45454545454544,-0.18181818181818188,3.4545454545454604,-7.636363636363637,-0.1127819548872181,0.10923889761530775,0.0
167,Tampa Bay Buccaneers,tam,Jacksonville Jaguars,jax,13,0.0,3.3636363636363633,0.0,1.3636363636363635,37.27272727272725,2.18181818181818,0.18181818181818343,0.5454545454545454,42.090909090909065,0.2727272727272716,9.363636363636363,0.0,0.7272727272727273,-21.0,-25.63636363636374,0.8181818181818183,16.27272727272731,1.1818181818181819,-3.8181818181818272,4.81818181818182,0.11538461538461542,0.04626689648915899,1.0
168,Tennessee Titans,oti,Indianapolis Colts,clt,13,0.0,-3.0909090909090935,0.36363636363636376,-0.18181818181818188,15.090909090909093,-3.3636363636363633,-1.1818181818181834,-0.18181818181818188,28.363636363636374,1.6363636363636367,0.09090909090908994,-5.363636363636363,0.36363636363636365,-21.363636363636374,-184.0,2.0,-6.272727272727252,-0.2727272727272727,22.272727272727273,13.272727272727273,-0.425,-0.10850694444444442,1.0
169,New York Jets,nyj,Cincinnati Bengals,cin,13,0.36363636363636365,-2.7272727272727284,-0.4545454545454546,0.2727272727272728,-33.54545454545456,-7.45454545454545,-2.454545454545457,0.18181818181818188,-35.636363636363626,2.0,3.7272727272727266,1.6363636363636331,0.18181818181818177,-7.545454545454547,49.181818181818244,0.1818181818181821,-41.09090909090912,-0.18181818181818188,22.636363636363633,-2.09090909090909,0.04048582995951405,-0.09612246856704099,0.0
170,Washington Redskins,was,Carolina Panthers,car,13,-0.2727272727272727,-6.363636363636365,-0.18181818181818188,0.09090909090909094,-54.0,-7.81818181818182,-4.0909090909090935,-0.18181818181818188,-57.45454545454547,2.0,-10.454545454545455,-4.18181818181818,-1.1818181818181817,-39.63636363636364,-148.54545454545473,-0.27272727272727293,-93.63636363636363,-0.2727272727272727,6.545454545454547,-3.4545454545454533,0.045454545454545414,-0.0498229043683589,1.0
171,Los Angeles Rams,ram,Arizona Cardinals,crd,13,0.24545454545454543,0.18181818181817988,0.909090909090909,0.7272727272727273,36.363636363636374,1.5454545454545467,-0.2727272727272734,-0.2727272727272727,26.27272727272728,-0.8181818181818175,0.09090909090908994,0.3636363636363633,0.2727272727272728,-27.0,16.0,-1.6363636363636365,9.363636363636317,1.0909090909090908,-8.636363636363633,-10.090909090909092,-0.5050505050505051,-0.013920750782064728,1.0
172,Oakland Raiders,rai,Kansas City Chiefs,kan,13,-0.09090909090909094,-2.7272727272727266,-0.27272727272727293,0.3636363636363636,-67.63636363636365,-6.18181818181818,-2.3636363636363633,-0.6363636363636362,-71.81818181818181,1.2727272727272725,-7.272727272727273,5.90909090909091,0.09090909090909083,28.363636363636374,84.63636363636374,-0.2727272727272727,-39.27272727272725,0.09090909090909083,6.9090909090909065,-4.181818181818182,0.04166666666666674,0.007867907801418494,0.0
173,Los Angeles Chargers,sdg,Denver Broncos,den,13,0.09090909090909094,4.90909090909091,-0.09090909090909083,0.6363636363636364,84.63636363636365,6.36363636363636,5.27272727272727,0.5454545454545453,72.81818181818184,-0.2727272727272725,4.454545454545455,-3.1818181818181834,-0.09090909090909094,-23.818181818181813,109.27272727272725,-1.181818181818182,60.81818181818181,0.7272727272727273,-2.9090909090909065,-11.818181818181818,-0.2500000000000001,0.1562400762146713,0.0
174,New England Patriots,nwe,Houston Texans,htx,13,0.2727272727272727,-1.2727272727272734,-0.7272727272727273,-0.18181818181818188,16.181818181818215,7.454545454545453,2.5454545454545467,-0.36363636363636354,9.454545454545439,-1.0909090909090908,3.1818181818181834,-0.09090909090909349,0.18181818181818188,-45.0,113.09090909090924,-1.2727272727272727,-28.818181818181813,-0.36363636363636365,-3.9090909090909136,-6.727272727272725,-0.07142857142857145,-0.07845701209545597,0.0
175,Minnesota Vikings,min,Seattle Seahawks,sea,13,-0.09090909090909094,-0.3636363636363633,0.2727272727272727,0.0,-12.27272727272728,-2.90909090909091,-1.0,-0.2727272727272725,-16.454545454545467,-0.8181818181818183,-0.2727272727272734,1.0,0.36363636363636365,5.545454545454561,-79.63636363636374,-1.0,-6.727272727272748,-0.2727272727272727,3.18181818181818,-4.181818181818183,0.2272727272727273,0.039393939393939426,0.0
176,Dallas Cowboys,dal,Chicago Bears,chi,14,0.0,6.916666666666668,0.5833333333333333,0.16666666666666663,102.75000000000003,1.9166666666666714,1.9166666666666643,0.5833333333333335,96.41666666666669,0.16666666666666696,8.166666666666664,4.333333333333332,0.5,48.25,-13.0,-1.4166666666666667,151.0,0.25,12.500000000000007,-6.333333333333332,-0.23931623931623935,0.17569335426478283,0.0
177,Baltimore Ravens,rav,Buffalo Bills,buf,14,0.08333333333333337,3.75,-0.3333333333333335,-0.25,-2.1666666666666856,-3.666666666666668,-0.6666666666666643,0.7499999999999998,-7.25,-0.916666666666667,12.416666666666668,7.0000000000000036,0.5,69.91666666666669,239.33333333333348,-0.41666666666666674,67.75,-0.16666666666666663,-6.166666666666664,-5.083333333333334,0.32142857142857145,0.10474631751227492,1.0
178,Carolina Panthers,car,Atlanta Falcons,atl,14,0.16666666666666669,-3.333333333333332,0.08333333333333326,-0.16666666666666663,-74.41666666666669,-4.916666666666664,-6.416666666666664,-0.6666666666666667,-66.66666666666666,-1.75,1.6666666666666643,3.5833333333333357,0.9166666666666665,46.25,-77.83333333333348,0.4166666666666665,-28.166666666666686,0.08333333333333326,-7.333333333333329,7.75,-0.16666666666666663,-0.08987094583121069,0.0
179,Indianapolis Colts,clt,Tampa Bay Buccaneers,tam,14,0.08333333333333331,-0.1666666666666643,-0.16666666666666674,-0.8333333333333334,-79.41666666666669,-6.333333333333329,-3.0833333333333357,-0.16666666666666652,-86.83333333333334,-2.916666666666667,-6.583333333333332,5.25,-0.2499999999999999,42.75,34.666666666666515,-1.3333333333333335,-36.666666666666686,-0.8333333333333335,-20.416666666666664,-7.416666666666666,0.1250000000000001,0.043534686172722936,0.0
180,Miami Dolphins,mia,New York Jets,nyj,14,-0.08333333333333331,2.5,0.33333333333333326,0.25,23.916666666666657,4.166666666666664,1.75,0.16666666666666674,21.75,-2.250000000000001,-0.33333333333333215,-2.1666666666666643,0.16666666666666663,-9.833333333333329,-52.75,0.24999999999999956,14.083333333333371,0.25,-23.58333333333333,-2.166666666666668,0.09999999999999998,0.0625342610162345,0.0
181,San Francisco 49ers,sfo,New Orleans Saints,nor,14,0.0,0.8333333333333357,0.5,0.33333333333333337,-24.083333333333343,-6.666666666666668,-5.333333333333332,0.0,-24.75000000000003,-1.5,4.25,9.416666666666668,0.7499999999999999,40.66666666666667,46.583333333333485,0.25,16.583333333333314,0.9166666666666666,-8.166666666666664,-0.6666666666666679,0.16666666666666669,0.032877410585336886,1.0
182,Detroit Lions,det,Minnesota Vikings,min,14,-0.3939393939393939,-0.33333333333333215,-1.333333333333333,0.5,32.166666666666686,6.333333333333332,1.9166666666666643,0.16666666666666674,36.00000000000003,1.583333333333333,-3.25,-3.083333333333332,-0.9166666666666667,-31.500000000000014,70.25,0.7500000000000002,0.6666666666666856,0.16666666666666674,4.333333333333329,3.833333333333334,-0.3333333333333333,-0.021975224843034102,0.0
183,Denver Broncos,den,Houston Texans,htx,14,-0.3333333333333333,-5.083333333333332,-0.16666666666666652,0.0,-55.58333333333334,-1.1666666666666643,-3.25,-1.0833333333333335,-52.49999999999997,-0.583333333333333,-7.916666666666668,-1.5833333333333357,-0.25,-21.500000000000014,-55.166666666666515,0.0,-77.08333333333331,-0.08333333333333348,-6.0,3.0833333333333357,0.25,-0.16346153846153844,1.0
184,Washington Redskins,was,Green Bay Packers,gnb,14,-0.5,-5.833333333333334,0.6666666666666667,0.75,-75.58333333333334,-5.666666666666668,-4.416666666666668,-0.9166666666666666,-67.83333333333334,0.833333333333333,-9.666666666666666,-3.083333333333332,-0.6666666666666665,-2.0,-259.5833333333335,1.0833333333333335,-77.58333333333331,0.7500000000000001,8.0,7.75,0.2597402597402598,-0.08945841392649906,0.0
185,Cincinnati Bengals,cin,Cleveland Browns,cle,14,-0.33333333333333337,-1.0,0.75,-0.33333333333333337,-2.25,4.166666666666664,1.8333333333333321,-0.25,2.666666666666657,-2.666666666666667,-5.583333333333334,-3.833333333333332,-0.5833333333333333,-44.66666666666667,-148.5,0.75,-46.916666666666686,0.16666666666666652,-32.16666666666667,4.916666666666668,0.08771929824561397,0.03260188087774296,0.0
186,Los Angeles Chargers,sdg,Jacksonville Jaguars,jax,14,0.0,2.75,-0.4166666666666665,0.6666666666666666,28.166666666666686,-0.4166666666666714,0.6666666666666643,0.0,22.75,-1.916666666666667,2.0,-1.6666666666666679,0.33333333333333337,-24.333333333333343,11.25,-0.5,3.8333333333333144,0.33333333333333326,-17.500000000000007,-5.416666666666666,0.17045454545454553,0.07736424649176327,1.0
187,Tennessee Titans,oti,Oakland Raiders,rai,14,0.08333333333333337,-0.33333333333333215,0.25,-0.16666666666666663,-27.75,-3.416666666666668,-3.5,0.16666666666666652,-8.916666666666686,-1.9999999999999991,3.25,-0.8333333333333321,0.33333333333333337,2.75,-119.33333333333326,2.583333333333333,-25.0,-0.08333333333333326,-10.416666666666657,18.833333333333332,-0.37012987012987003,-0.11290780141843976,1.0
188,Kansas City Chiefs,kan,New England Patriots,nwe,14,-0.16666666666666674,0.08333333333333215,0.8333333333333334,-0.41666666666666674,25.75,-4.0,-1.25,0.41666666666666674,26.083333333333314,0.16666666666666696,2.166666666666668,-5.166666666666664,-0.08333333333333326,-1.8333333333333286,-216.66666666666652,-0.16666666666666652,23.916666666666686,0.0,4.083333333333336,0.3333333333333339,0.11111111111111116,0.07998544984237327,1.0
189,Pittsburgh Steelers,pit,Arizona Cardinals,crd,14,0.31060606060606066,-2.0,1.0833333333333333,0.5833333333333333,-17.166666666666657,-3.1666666666666643,-2.6666666666666643,0.08333333333333326,-28.333333333333343,-0.41666666666666696,-1.5833333333333321,1.3333333333333321,-0.41666666666666663,-23.25,110.33333333333326,-1.9166666666666667,-40.416666666666686,0.8333333333333333,2.0833333333333357,-11.166666666666666,-0.4848484848484849,-0.001577642551273406,1.0
190,Seattle Seahawks,sea,Los Angeles Rams,ram,14,0.25,1.6666666666666679,0.5,-0.75,-28.833333333333343,-6.166666666666668,-2.25,1.0833333333333333,-22.333333333333314,-0.75,3.8333333333333357,6.75,-0.16666666666666674,49.499999999999986,223.0,1.3333333333333333,20.666666666666686,-0.25,-1.8333333333333286,6.500000000000002,0.37142857142857144,0.03824561403508764,0.0
191,New York Giants,nyg,Philadelphia Eagles,phi,14,-0.25,-1.9166666666666679,0.16666666666666674,0.41666666666666663,-2.4166666666666856,1.5833333333333357,0.8333333333333357,0.0,5.5,-0.583333333333333,-3.6666666666666643,-5.916666666666668,-0.33333333333333337,-23.25,-181.66666666666674,0.4166666666666665,-25.66666666666663,0.5833333333333335,-4.166666666666671,7.916666666666666,0.12865497076023386,-0.08291854767141255,0.0
192,New York Jets,nyj,Baltimore Ravens,rav,15,-0.4615384615384615,-8.076923076923077,0.23076923076923084,0.5384615384615384,-11.461538461538453,4.846153846153847,1.7692307692307665,-1.076923076923077,3.0,0.9230769230769225,-15.692307692307697,-13.69230769230769,-0.923076923076923,-125.30769230769232,-356.3846153846155,1.7692307692307692,-136.76923076923077,0.6923076923076923,17.000000000000007,14.461538461538462,-0.3749999999999999,-0.17782622236063533,0.0
193,New England Patriots,nwe,Cincinnati Bengals,cin,15,0.6923076923076923,2.46153846153846,-1.0769230769230769,-0.23076923076923073,31.461538461538453,2.1538461538461533,2.384615384615387,0.6153846153846154,21.230769230769226,0.4615384615384617,10.76923076923077,4.923076923076923,0.6153846153846153,10.384615384615387,194.69230769230762,-1.3846153846153844,41.84615384615381,-0.846153846153846,5.7692307692307665,-10.230769230769232,-0.011904761904761862,0.01775200713648528,1.0
194,Seattle Seahawks,sea,Carolina Panthers,car,15,0.38461538461538464,0.6153846153846168,0.07692307692307687,-0.6153846153846154,20.538461538461547,-6.0,-1.7692307692307665,0.7692307692307692,7.692307692307679,1.3846153846153841,3.1538461538461533,6.07692307692308,-0.3846153846153846,21.846153846153854,167.53846153846166,-0.7692307692307692,42.38461538461536,-0.6153846153846154,9.153846153846153,-12.846153846153843,0.05555555555555558,0.08918601234205115,1.0
195,Philadelphia Eagles,phi,Washington Redskins,was,15,0.23076923076923078,6.769230769230768,0.4615384615384617,-0.3076923076923077,68.15384615384613,8.76923076923077,5.76923076923077,0.7692307692307692,57.923076923076934,-0.8461538461538467,8.384615384615385,5.923076923076923,0.3846153846153846,17.615384615384613,334.6923076923076,-0.8461538461538463,85.76923076923077,0.3076923076923077,-1.3076923076923066,-10.23076923076923,-0.2121212121212122,0.17835968379446648,1.0
196,Houston Texans,htx,Tennessee Titans,oti,15,0.0,2.8461538461538467,-0.23076923076923084,0.23076923076923084,27.15384615384616,5.846153846153843,4.0,0.23076923076923084,19.076923076923066,1.0,-0.07692307692307665,-0.3076923076923066,-0.23076923076923084,2.0,82.15384615384619,-0.7692307692307692,29.153846153846132,0.15384615384615397,-1.0769230769230802,-8.076923076923077,0.22727272727272724,0.09017767348307076,1.0
197,Miami Dolphins,mia,New York Giants,nyg,15,0.07692307692307693,-0.1538461538461533,-0.4615384615384617,0.3076923076923077,-2.0,-0.8461538461538467,-0.8461538461538467,-0.5384615384615385,-4.15384615384616,-0.23076923076923084,-2.0,-1.0769230769230766,0.15384615384615385,-26.461538461538467,-19.692307692307622,1.0769230769230766,-28.461538461538453,-0.3076923076923075,-2.0,-2.1538461538461533,0.05555555555555558,-0.013351652222926835,0.0
198,Denver Broncos,den,Kansas City Chiefs,kan,15,-0.30769230769230765,-4.53846153846154,-0.4615384615384617,0.4615384615384615,-92.53846153846152,-6.30769230769231,-4.692307692307693,-0.8461538461538463,-85.15384615384613,0.0,-10.384615384615387,2.76923076923077,-0.3076923076923077,13.92307692307692,-2.461538461538339,1.2307692307692308,-78.61538461538458,0.07692307692307687,-11.153846153846146,7.384615384615387,0.1499999999999999,-0.14063729346970893,0.0
199,Chicago Bears,chi,Green Bay Packers,gnb,15,-0.23076923076923084,-2.0,-0.15384615384615385,0.6153846153846154,-28.461538461538453,0.8461538461538467,0.8461538461538467,-0.3076923076923077,-30.769230769230774,0.3076923076923075,-5.076923076923077,-1.0,-0.5384615384615384,-22.15384615384616,-90.0769230769231,0.30769230769230793,-50.61538461538464,0.46153846153846145,7.076923076923073,-2.3076923076923066,0.01709401709401709,-0.023809523809523836,0.0
200,Tampa Bay Buccaneers,tam,Detroit Lions,det,15,0.21153846153846156,2.3076923076923066,0.6153846153846153,0.846153846153846,35.076923076923094,3.2307692307692335,1.6153846153846132,0.0,35.69230769230768,0.4615384615384608,7.0,-0.38461538461538325,0.7692307692307692,-8.230769230769226,75.69230769230785,0.3846153846153846,26.846153846153868,1.0000000000000002,6.923076923076927,0.6153846153846168,0.1384615384615384,-0.012964563526361272,1.0
201,Minnesota Vikings,min,Los Angeles Chargers,sdg,15,0.30769230769230765,-0.8461538461538467,0.7692307692307692,-0.846153846153846,-39.38461538461539,-6.53846153846154,-2.76923076923077,0.23076923076923084,-39.00000000000003,-0.23076923076923084,3.8461538461538467,7.0,0.5384615384615385,38.53846153846155,-83.23076923076928,-0.30769230769230793,-0.8461538461538112,-0.5384615384615385,1.1538461538461533,0.384615384615385,0.0699300699300699,-0.0035930099624367218,1.0
202,Jacksonville Jaguars,jax,Oakland Raiders,rai,15,-0.15384615384615385,-0.7692307692307665,0.07692307692307687,-0.07692307692307698,5.615384615384613,5.9999999999999964,1.2307692307692335,-0.07692307692307687,13.692307692307708,0.6153846153846168,-2.1538461538461533,-2.69230769230769,-0.6153846153846154,-9.230769230769226,25.0,1.0769230769230769,-3.6153846153846416,0.15384615384615374,6.307692307692307,8.076923076923077,-0.20000000000000007,-0.11111111111111105,1.0
203,Cleveland Browns,cle,Arizona Cardinals,crd,15,0.21153846153846156,0.23076923076922995,0.46153846153846156,0.5384615384615385,8.692307692307708,-1.7692307692307665,-2.9230769230769234,-0.0769230769230771,3.3076923076922924,0.1538461538461533,0.07692307692307665,2.0769230769230766,0.23076923076923073,13.692307692307693,173.84615384615404,-1.076923076923077,22.384615384615415,0.7692307692307692,11.076923076923073,-5.384615384615387,-0.2777777777777778,0.0027574957278235224,0.0
204,Atlanta Falcons,atl,San Francisco 49ers,sfo,15,-0.5384615384615384,2.153846153846157,0.46153846153846145,0.15384615384615385,56.15384615384613,11.84615384615385,7.4615384615384635,-0.07692307692307687,65.0769230769231,0.5384615384615383,-7.4615384615384635,-10.69230769230769,-0.7692307692307693,-68.30769230769229,-111.61538461538476,1.0769230769230766,-12.153846153846189,0.15384615384615397,-3.6923076923076934,8.923076923076923,0.12121212121212122,-0.05391555395164205,1.0
205,Los Angeles Rams,ram,Dallas Cowboys,dal,15,0.15384615384615385,-3.5384615384615365,0.23076923076923062,0.3076923076923076,-30.0,-0.6153846153846203,-1.3846153846153832,-0.6923076923076925,-29.538461538461547,0.23076923076923084,-1.76923076923077,-1.6923076923076934,0.15384615384615397,-24.692307692307693,-34.61538461538453,0.07692307692307687,-54.692307692307736,0.46153846153846145,-11.92307692307692,0.4615384615384617,-0.1333333333333333,-0.09966329966329962,0.0
206,Buffalo Bills,buf,Pittsburgh Steelers,pit,15,0.07692307692307687,3.23076923076923,-0.15384615384615397,-0.3076923076923077,11.15384615384616,0.9230769230769198,-0.46153846153846345,0.15384615384615374,14.461538461538453,0.1538461538461542,1.1538461538461533,3.9230769230769234,0.46153846153846156,40.69230769230771,73.30769230769238,0.9230769230769231,51.84615384615381,-0.5384615384615385,-0.8461538461538467,3.3076923076923084,0.23333333333333342,0.02378835037794569,1.0
207,Indianapolis Colts,clt,New Orleans Saints,nor,15,-0.3076923076923077,0.76923076923077,0.6153846153846154,0.3076923076923077,-53.69230769230768,-4.076923076923073,-6.0,-0.3076923076923077,-53.076923076923066,-2.4615384615384617,-3.69230769230769,6.23076923076923,0.23076923076923073,25.384615384615387,-38.0,0.3076923076923077,-28.307692307692264,0.846153846153846,-21.92307692307692,0.615384615384615,0.21491228070175444,0.011046511627906985,0.0
208,Houston Texans,htx,Tampa Bay Buccaneers,tam,16,0.1428571428571429,-0.6428571428571423,-0.0714285714285714,-0.8571428571428571,-63.78571428571428,-6.571428571428569,-2.071428571428573,-0.2142857142857142,-65.5,-0.9285714285714279,-5.357142857142858,1.1428571428571423,0.0,39.5,-90.28571428571422,-0.2142857142857144,-24.285714285714334,-1.0,-10.499999999999993,-1.7142857142857153,-0.033333333333333326,0.04441117764471053,1.0
209,Buffalo Bills,buf,New England Patriots,nwe,16,-0.0714285714285714,-1.0,0.8571428571428571,0.1428571428571429,-46.85714285714286,-7.928571428571427,-5.071428571428573,-0.2142857142857142,-45.0,1.4285714285714288,-5.785714285714288,2.6428571428571423,-0.1428571428571428,33.142857142857125,-52.5,0.5714285714285714,-13.714285714285666,0.2857142857142857,6.9285714285714235,1.8571428571428577,0.05288461538461536,-0.0031194295900178193,0.0
210,Los Angeles Rams,ram,San Francisco 49ers,sfo,16,-0.2142857142857143,-0.4285714285714306,-0.0714285714285714,0.3571428571428571,39.85714285714283,8.000000000000004,3.1428571428571423,-0.7142857142857144,37.928571428571445,0.5,-6.214285714285712,-7.642857142857142,-0.07142857142857162,-53.14285714285714,-241.21428571428578,-0.5,-13.285714285714278,0.1428571428571428,-6.5,-1.9285714285714288,-0.33333333333333337,-0.07201837710312281,0.0
211,New York Giants,nyg,Washington Redskins,was,16,0.0,3.8571428571428577,0.5,0.2857142857142857,54.428571428571416,8.142857142857142,4.928571428571431,0.7142857142857142,51.428571428571445,-1.1428571428571432,4.857142857142858,0.35714285714285765,0.1428571428571429,-4.142857142857139,100.21428571428555,-0.5,50.28571428571428,0.8571428571428572,-5.071428571428569,-3.0,-0.101010101010101,0.0815916110033757,1.0
212,New Orleans Saints,nor,Tennessee Titans,oti,16,0.2142857142857143,1.7142857142857153,-0.8571428571428572,-0.14285714285714285,42.35714285714289,7.857142857142858,7.428571428571427,0.4285714285714286,28.785714285714278,1.2857142857142856,2.7857142857142847,-2.3571428571428577,-0.6428571428571428,-22.0,219.6428571428571,-2.142857142857143,20.357142857142833,-0.5714285714285714,5.928571428571431,-13.571428571428571,0.10897435897435903,0.06158229235152318,1.0
213,Pittsburgh Steelers,pit,New York Jets,nyj,16,0.21428571428571425,1.2857142857142865,0.5714285714285716,0.1428571428571428,-2.357142857142861,-0.7857142857142847,-0.21428571428571175,0.0,-11.071428571428555,-0.6428571428571423,1.571428571428573,1.6428571428571423,0.0,13.92857142857143,30.57142857142844,-1.5714285714285712,11.571428571428555,0.2142857142857144,-17.85714285714286,-8.714285714285715,-0.1794871794871795,0.043101497073754325,0.0
214,Cincinnati Bengals,cin,Miami Dolphins,mia,16,-0.14285714285714285,0.3571428571428541,0.0714285714285714,-0.1428571428571428,1.9285714285714448,0.9285714285714306,-0.28571428571428825,-0.2857142857142856,3.571428571428555,-0.14285714285714235,-2.142857142857144,2.0,-0.14285714285714285,20.142857142857153,56.92857142857156,-0.7857142857142856,22.071428571428555,0.2142857142857142,-1.6428571428571388,1.642857142857146,-0.04669887278582929,0.017436048221111444,0.0
215,Carolina Panthers,car,Indianapolis Colts,clt,16,-0.0714285714285714,0.14285714285714235,0.5714285714285714,0.4285714285714285,21.714285714285694,5.571428571428569,3.357142857142854,-0.3571428571428572,40.428571428571416,0.07142857142857206,1.5,-4.642857142857142,0.5000000000000001,-6.357142857142847,-100.14285714285711,1.7857142857142856,15.35714285714289,0.7142857142857144,1.4285714285714306,18.714285714285715,-0.11904761904761907,-0.10187914517317614,0.0
216,Baltimore Ravens,rav,Cleveland Browns,cle,16,0.42857142857142855,4.5,0.0714285714285714,-0.7142857142857142,-16.071428571428555,-6.5,-2.0,1.2142857142857142,-25.714285714285722,-1.071428571428572,12.5,11.285714285714285,0.2857142857142858,75.71428571428571,250.28571428571422,-0.6428571428571426,59.64285714285717,-0.8571428571428571,-16.357142857142854,-9.642857142857142,0.38690476190476186,0.08823099415204677,1.0
217,Jacksonville Jaguars,jax,Atlanta Falcons,atl,16,0.0,-4.928571428571431,0.0,-0.4285714285714286,-53.14285714285717,-5.0,-5.285714285714285,-0.5,-57.99999999999997,1.2857142857142865,-5.642857142857142,2.571428571428573,-0.3571428571428571,27.64285714285714,6.714285714285552,-0.5,-25.5,-0.2857142857142856,18.785714285714278,-4.857142857142854,-0.23809523809523803,-0.08143939393939398,0.0
218,Oakland Raiders,rai,Los Angeles Chargers,sdg,16,0.0714285714285714,-1.7857142857142847,-0.2142857142857142,-0.7142857142857144,-44.571428571428555,-4.642857142857142,-1.7142857142857153,-0.1428571428571428,-47.14285714285714,1.428571428571428,-1.7857142857142847,4.357142857142858,0.1428571428571428,26.5,0.5,-0.4285714285714286,-18.071428571428555,-0.9285714285714288,11.928571428571438,-2.571428571428571,0.06153846153846165,-0.0019841269841269216,1.0
219,Detroit Lions,det,Denver Broncos,den,16,-0.12637362637362637,3.2142857142857153,-0.2857142857142857,0.2857142857142857,65.85714285714286,5.357142857142858,3.5714285714285694,0.8571428571428572,64.50000000000003,0.5,4.642857142857142,0.8571428571428577,-0.21428571428571436,-4.285714285714292,47.64285714285711,-0.07142857142857117,61.57142857142861,0.5,1.2857142857142847,-1.3571428571428577,-0.3030303030303031,0.10671305538128106,0.0
220,Arizona Cardinals,crd,Seattle Seahawks,sea,16,-0.478021978021978,-2.1428571428571423,-1.2142857142857142,0.28571428571428575,-31.35714285714286,2.7142857142857117,0.9285714285714306,-0.7857142857142858,-28.78571428571425,0.7857142857142856,-4.357142857142858,-6.571428571428569,0.0714285714285714,-22.714285714285722,-255.92857142857156,0.3571428571428572,-54.071428571428555,-0.4285714285714286,3.4285714285714306,2.571428571428573,0.03157894736842104,-0.047647687784015014,1.0
221,Dallas Cowboys,dal,Philadelphia Eagles,phi,16,0.0,2.5,-1.142857142857143,0.2142857142857143,68.5,-0.9285714285714235,0.21428571428571175,0.0714285714285714,62.78571428571428,0.5714285714285721,3.1428571428571423,0.2857142857142847,0.3571428571428571,12.57142857142857,-203.0,-1.2142857142857142,81.07142857142856,-0.5,11.142857142857146,-5.714285714285715,0.05128205128205132,0.015714285714285736,0.0
222,Kansas City Chiefs,kan,Chicago Bears,chi,16,0.2142857142857143,3.8571428571428577,0.7142857142857143,-0.5714285714285714,78.64285714285717,0.6428571428571459,0.8571428571428577,0.5,75.42857142857144,0.0,9.857142857142858,-1.1428571428571423,0.4285714285714286,7.285714285714292,-26.14285714285711,-1.0000000000000002,85.92857142857139,-0.2857142857142858,11.785714285714285,-3.2142857142857135,0.22499999999999998,0.11208664445014094,1.0
223,Green Bay Packers,gnb,Minnesota Vikings,min,16,0.0714285714285714,-1.428571428571427,-1.2857142857142856,-0.2142857142857143,-6.642857142857139,4.642857142857146,0.8571428571428577,-0.07142857142857162,-0.2142857142857224,-0.07142857142857206,-3.428571428571427,-6.071428571428573,-0.14285714285714302,-29.35714285714286,61.5,0.6428571428571428,-36.0,-0.4999999999999999,-12.0,6.428571428571427,-0.19871794871794862,-0.08614688478941873,1.0
224,Cleveland Browns,cle,Cincinnati Bengals,cin,17,0.33333333333333337,0.0,-0.7333333333333334,0.19999999999999996,-10.333333333333343,-5.06666666666667,-2.2666666666666693,0.1333333333333333,-15.73333333333332,1.8666666666666663,4.400000000000002,1.8000000000000007,0.6,32.599999999999994,42.86666666666679,-0.7999999999999998,22.26666666666665,-0.2666666666666666,22.133333333333333,-5.399999999999999,-0.125,0.024774064733081136,0.0
225,New Orleans Saints,nor,Carolina Panthers,car,17,0.46666666666666673,0.1999999999999993,-1.0,-0.8666666666666666,41.19999999999999,-2.2666666666666657,2.8000000000000007,1.0666666666666669,21.933333333333366,2.333333333333333,5.733333333333334,0.13333333333333286,-0.6,-10.333333333333329,172.20000000000005,-2.1333333333333333,30.866666666666674,-1.6,19.466666666666676,-19.266666666666666,-0.11538461538461542,0.1060426368921929,1.0
226,New York Jets,nyj,Buffalo Bills,buf,17,-0.2666666666666666,-4.133333333333335,-0.06666666666666665,0.33333333333333337,-4.466666666666669,0.8000000000000007,1.466666666666665,-0.19999999999999996,0.3333333333333428,0.06666666666666643,-3.0,-5.933333333333334,-0.4666666666666667,-54.0,-81.40000000000009,0.7333333333333334,-58.4666666666667,0.5333333333333334,13.666666666666664,4.800000000000001,-0.07602339181286549,-0.06060606060606061,1.0
227,Atlanta Falcons,atl,Tampa Bay Buccaneers,tam,17,-0.06666666666666665,1.0666666666666664,0.0,-0.8666666666666667,-14.933333333333337,1.8000000000000043,4.0,-0.20000000000000018,-12.666666666666629,-0.4666666666666668,-5.533333333333331,-3.7333333333333343,-0.33333333333333337,-7.3999999999999915,-49.73333333333312,-0.13333333333333375,-22.333333333333314,-0.9333333333333331,-7.3999999999999915,2.2666666666666693,0.16666666666666674,-0.002556897293739424,1.0
228,Miami Dolphins,mia,New England Patriots,nwe,17,-0.5333333333333334,-2.0666666666666664,0.8666666666666668,0.6666666666666666,-17.73333333333332,-1.3333333333333286,-1.3333333333333321,-0.13333333333333353,-10.333333333333314,0.0,-7.799999999999997,-6.199999999999999,-0.4666666666666667,-31.66666666666667,-208.93333333333317,1.9333333333333333,-49.39999999999998,0.8666666666666667,-2.6666666666666714,7.4,0.08148148148148149,-0.04685956245589268,1.0
229,Chicago Bears,chi,Minnesota Vikings,min,17,-0.19999999999999996,-1.8000000000000007,-1.1333333333333333,0.4,-19.0,6.533333333333335,2.533333333333335,-0.40000000000000013,-15.799999999999983,0.4666666666666668,-8.600000000000001,-5.933333333333334,-0.7333333333333333,-43.93333333333332,30.799999999999955,0.8666666666666667,-62.93333333333334,0.06666666666666665,-3.3999999999999986,3.200000000000001,-0.21754385964912276,-0.07702702702702696,1.0
230,Los Angeles Chargers,sdg,Kansas City Chiefs,kan,17,-0.39999999999999997,-0.6666666666666643,0.06666666666666665,0.9333333333333333,-10.399999999999977,0.0,0.06666666666666643,-0.4666666666666668,-9.933333333333337,-0.4666666666666668,-6.933333333333334,-0.7333333333333307,-0.20000000000000007,-4.133333333333326,36.26666666666665,0.40000000000000013,-14.533333333333303,1.0,-10.533333333333331,0.4666666666666668,-0.028571428571428692,-0.027522646214058033,0.0
231,Green Bay Packers,gnb,Detroit Lions,det,17,0.5857142857142857,-0.06666666666666643,0.1333333333333333,-0.7333333333333334,-23.0,-1.5333333333333385,-0.13333333333333286,-0.19999999999999996,-23.46666666666667,-1.2000000000000002,2.1333333333333364,-0.06666666666666643,0.7999999999999999,13.13333333333334,108.26666666666665,-0.46666666666666634,-9.866666666666674,-0.6666666666666665,-14.0,-0.46666666666666856,0.08333333333333331,-0.06307797393862963,1.0
232,Pittsburgh Steelers,pit,Baltimore Ravens,rav,17,-0.33333333333333337,-7.466666666666665,0.6666666666666667,0.7999999999999999,-16.0,4.400000000000002,1.8666666666666636,-1.2666666666666668,-9.0,0.13333333333333375,-14.93333333333333,-11.999999999999996,-0.9333333333333332,-114.46666666666667,-304.53333333333353,0.33333333333333326,-130.46666666666664,1.0,0.93333333333333,7.000000000000001,-0.5844155844155845,-0.1348863963186655,0.0
233,Arizona Cardinals,crd,Los Angeles Rams,ram,17,-0.17619047619047618,-1.6666666666666679,-0.7333333333333333,-0.4666666666666667,-68.86666666666665,-5.066666666666663,-2.666666666666668,-0.06666666666666665,-58.53333333333333,0.33333333333333304,-1.7333333333333343,0.7333333333333307,-0.1333333333333333,35.53333333333333,-29.26666666666665,1.8666666666666667,-33.33333333333337,-0.7333333333333334,5.666666666666664,10.333333333333332,0.4,-0.026006191950464386,0.0
234,Philadelphia Eagles,phi,New York Giants,nyg,17,0.26666666666666666,2.4666666666666686,0.1333333333333333,-0.5333333333333333,6.533333333333331,0.8666666666666671,1.3333333333333357,-0.19999999999999996,0.3333333333333144,0.4666666666666668,1.7999999999999972,5.466666666666665,0.20000000000000007,17.0,269.13333333333344,-0.20000000000000018,23.533333333333303,-0.5333333333333334,3.0,-6.200000000000001,-0.12626262626262624,0.08973869921800492,1.0
235,Indianapolis Colts,clt,Jacksonville Jaguars,jax,17,0.13333333333333336,3.200000000000003,-0.2666666666666666,0.19999999999999996,-33.93333333333334,-4.133333333333333,-2.799999999999997,0.06666666666666665,-38.400000000000006,-3.5999999999999996,5.266666666666669,5.266666666666669,0.8,23.799999999999983,12.133333333333212,-0.6666666666666667,-10.133333333333326,0.0,-33.599999999999994,-4.466666666666667,0.128695652173913,0.09527010206621855,0.0
236,Tennessee Titans,oti,Houston Texans,htx,17,-0.1333333333333333,-2.2666666666666693,0.06666666666666665,-0.33333333333333337,-15.400000000000006,-4.733333333333338,-3.3999999999999986,0.0,-8.266666666666652,-0.7999999999999998,0.1999999999999993,-0.1999999999999993,0.19999999999999996,5.200000000000003,-84.26666666666665,0.7333333333333334,-10.199999999999989,-0.2666666666666666,2.5333333333333314,7.133333333333333,-0.23809523809523814,-0.07608524072612471,1.0
237,Oakland Raiders,rai,Denver Broncos,den,17,0.06666666666666665,2.2666666666666657,0.06666666666666665,-0.1333333333333333,39.93333333333334,0.06666666666666643,2.866666666666667,0.3999999999999999,33.0,1.1333333333333329,2.133333333333333,2.200000000000003,0.13333333333333341,13.599999999999994,83.5333333333333,-0.8,53.5333333333333,0.06666666666666665,12.0,-6.933333333333332,-0.0625,0.12759601706970125,0.0
238,Washington Redskins,was,Dallas Cowboys,dal,17,-0.26666666666666666,-8.133333333333335,0.3999999999999999,0.06666666666666676,-121.86666666666665,-8.133333333333336,-5.666666666666664,-0.6000000000000001,-106.66666666666669,0.3333333333333339,-9.133333333333333,-5.133333333333336,-0.5333333333333333,-28.999999999999986,-116.20000000000005,1.866666666666667,-150.86666666666667,0.1333333333333333,-6.799999999999997,15.200000000000001,0.1454545454545455,-0.16021924405157933,0.0
239,San Francisco 49ers,sfo,Seattle Seahawks,sea,17,0.06666666666666676,0.2666666666666657,-0.4666666666666668,0.4666666666666667,-3.066666666666663,-1.4000000000000021,-0.1999999999999993,-0.06666666666666665,-8.866666666666646,-0.4666666666666668,4.599999999999998,1.533333333333335,0.3999999999999999,6.799999999999983,35.80000000000018,-0.8666666666666667,3.7333333333333485,0.20000000000000018,1.93333333333333,-5.800000000000001,0.037878787878787734,0.06619623655913975,1.0
